date,start_equity,end_equity,pnl,return,shares,leverage
2023-01-03,100000.0,100206.95500000003,206.9550000000348,0.0020695500000003086,405,1.5589474373137664
2023-01-04,100206.95500000003,100206.95500000003,0.0,0.0,437,1.673283260811689
2023-01-05,100206.95500000003,100201.24800000005,-5.7069999999854275,-5.695213470946481e-05,439,1.6733421532694732
2023-01-06,100201.24800000005,101075.65920000007,874.4112000000184,0.008726549992670973,432,1.6495905450194177
2023-01-09,101075.65920000007,101113.9728000001,38.31360000003457,0.0003790586210694613,416,1.6078063856797729
2023-01-10,101113.9728000001,101113.9728000001,0.0,0.0,451,1.7310456576954214
2023-01-11,101113.9728000001,101113.9728000001,0.0,0.0,455,1.7674251930662934
2023-01-12,101113.9728000001,100153.00980000013,-960.9629999999784,-0.009503760690925733,437,1.716751262758658
2023-01-13,100153.00980000013,100153.00980000013,0.0,0.0,457,1.7986069862519054
2023-01-17,100153.00980000013,100153.00980000013,0.0,0.0,497,1.9803043509793299
2023-01-18,100153.00980000013,102031.83280000015,1878.8230000000199,0.018759526086653988,493,1.968079845549145
2023-01-19,102031.83280000015,102031.83280000015,0.0,0.0,468,1.788010670241008
2023-01-20,102031.83280000015,102912.46480000016,880.6320000000105,0.008630953456713941,486,1.8581688876908669
2023-01-23,102912.46480000016,104067.8128000002,1155.3480000000486,0.011226511795683347,479,1.8469334541194307
2023-01-24,104067.8128000002,104067.8128000002,0.0,0.0,473,1.8141248512406416
2023-01-25,104067.8128000002,103856.21480000025,-211.5979999999531,-0.002033270367722717,482,1.8364960434333377
2023-01-26,103856.21480000025,103856.21480000025,0.0,0.0,474,1.8424973025726852
2023-01-27,103856.21480000025,102868.87880000028,-987.3359999999705,-0.009506758954207162,504,1.9627288354433983
2023-01-30,102868.87880000028,102868.87880000028,0.0,0.0,582,2.2817964367909247
2023-01-31,102868.87880000028,103419.6207000003,550.7419000000177,0.005353824270514229,529,2.064046249524196
2023-02-01,103419.6207000003,104223.32270000034,803.7020000000306,0.007771271974893468,502,1.9684600981576879
2023-02-02,104223.32270000034,102924.32270000043,-1298.9999999999163,-0.012463621062427599,500,1.9918304374843656
2023-02-03,102924.32270000043,102924.32270000043,0.0,0.0,475,1.8995569218239452
2023-02-06,102924.32270000043,102924.32270000043,0.0,0.0,449,1.7881919809504105
2023-02-07,102924.32270000043,101613.9287000005,-1310.393999999932,-0.01273162616594925,443,1.7601891680869972
2023-02-08,101613.9287000005,101181.07970000054,-432.84899999996276,-0.004259740820354296,471,1.9165836771756262
2023-02-09,101181.07970000054,100953.22070000057,-227.85899999996332,-0.0022519921775451257,453,1.855538312474137
2023-02-10,100953.22070000057,100953.22070000057,0.0,0.0,477,1.9209538679770284
2023-02-13,100953.22070000057,102181.2837000006,1228.0630000000233,0.012164673811144944,493,1.9976357843541555
2023-02-14,102181.2837000006,101730.56370000061,-450.7199999999806,-0.004410983926599332,480,1.9318884533549496
2023-02-15,101730.56370000061,101730.56370000061,0.0,0.0,478,1.9293488738780313
2023-02-16,101730.56370000061,101730.56370000061,0.0,0.0,494,1.985617332055687
2023-02-17,101730.56370000061,101200.87470000064,-529.6889999999719,-0.005206783298301598,461,1.8404125113519954
2023-02-21,101200.87470000064,102462.98370000068,1262.1090000000388,0.012471325013162504,489,1.9479537167144565
2023-02-22,102462.98370000068,102462.98370000068,0.0,0.0,468,1.828587708881124
2023-02-23,102462.98370000068,101908.69380000072,-554.2898999999635,-0.005409659957032464,491,1.9253850933010035
2023-02-24,101908.69380000072,102006.97680000075,98.28300000002444,0.0009644221345128656,543,2.1070337499775045
2023-02-27,102006.97680000075,102006.97680000075,0.0,0.0,537,2.1066442849254714
2023-02-28,102006.97680000075,102006.97680000075,0.0,0.0,536,2.0875984372275815
2023-03-01,102006.97680000075,102006.97680000075,0.0,0.0,603,2.337675685056771
2023-03-02,102006.97680000075,102134.2578000008,127.28100000006158,0.0012477675938735722,627,2.41675074464947
2023-03-03,102134.2578000008,103585.03580000086,1450.7780000000553,0.014204616856774654,599,2.3445626084438334
2023-03-06,103585.03580000086,103449.32780000093,-135.70799999992516,-0.0013101120152330115,526,2.058612557243747
2023-03-07,103449.32780000093,105378.77180000096,1929.4440000000304,0.018651102341914028,564,2.2073192902145675
2023-03-08,105378.77180000096,105378.77180000096,0.0,0.0,540,2.044887436178486
2023-03-09,105378.77180000096,107650.83580000103,2272.064000000071,0.021560926941834424,542,2.0576133183139778
2023-03-10,107650.83580000103,108166.6588000011,515.8230000000635,0.004791630238323297,539,1.9605222048573014
2023-03-13,108166.6588000011,107615.48080000115,-551.1779999999401,-0.005095636734227527,531,1.876927878436179
2023-03-14,107615.48080000115,107326.18480000118,-289.29599999997544,-0.0026882377688542958,574,2.0846987877053134
2023-03-15,107326.18480000118,107326.18480000118,0.0,0.0,511,1.8396778917370293
2023-03-16,107326.18480000118,109603.71880000121,2277.5340000000233,0.021220674192827582,514,1.8559138730325542
2023-03-17,109603.71880000121,108942.32680000123,-661.3919999999732,-0.006034393789200232,480,1.725611503408289
2023-03-20,108942.32680000123,108974.77380000125,32.44700000001434,0.0002978364879206996,457,1.6396367673679018
2023-03-21,108974.77380000125,108974.77380000125,0.0,0.0,439,1.6027700934862066
2023-03-22,108974.77380000125,108974.77380000125,0.0,0.0,422,1.544675063444107
2023-03-23,108974.77380000125,109003.52880000127,28.755000000012707,0.0002638684073141828,405,1.4710568188082527
2023-03-24,109003.52880000127,109003.52880000127,0.0,0.0,436,1.5676278560795398
2023-03-27,109003.52880000127,109003.52880000127,0.0,0.0,422,1.544721672248314
2023-03-28,109003.52880000127,109003.52880000127,0.0,0.0,446,1.62161396620781
2023-03-29,109003.52880000127,109003.52880000127,0.0,0.0,442,1.6222336410988671
2023-03-30,109003.52880000127,109003.52880000127,0.0,0.0,458,1.698547069293305
2023-03-31,109003.52880000127,110192.35280000133,1188.8240000000594,0.01090628911822944,497,1.8474907111555154
2023-04-03,110192.35280000133,109629.07880000137,-563.273999999966,-0.0051117340331438,486,1.8042951414259316
2023-04-04,109629.07880000137,109713.0748000014,83.99600000002968,0.000766183579388402,506,1.9024521867279194
2023-04-05,109713.0748000014,109713.0748000014,0.0,0.0,513,1.9091576823064502
2023-04-06,109713.0748000014,109057.47480000147,-655.5999999999333,-0.00597558678575949,550,2.0395769516195488
2023-04-10,109057.47480000147,109057.47480000147,0.0,0.0,631,2.3561330523778947
2023-04-11,109057.47480000147,109057.47480000147,0.0,0.0,636,2.396152420929005
2023-04-12,109057.47480000147,108726.42180000148,-331.0529999999803,-0.0030355828484668335,677,2.5593849816005054
2023-04-13,108726.42180000148,110641.70180000152,1915.2800000000477,0.017615589369096796,890,3.3503186446536564
2023-04-14,110641.70180000152,107852.7718000016,-2788.9299999999157,-0.025206861017387894,815,3.0440616945589514
2023-04-17,107852.7718000016,107852.7718000016,0.0,0.0,782,2.989975525932745
2023-04-18,107852.7718000016,107852.7718000016,0.0,0.0,776,2.9931524207296407
2023-04-19,107852.7718000016,107852.7718000016,0.0,0.0,797,3.0485047917158608
2023-04-20,107852.7718000016,107852.7718000016,0.0,0.0,908,3.4653939798726094
2023-04-21,107852.7718000016,106878.26380000163,-974.5079999999668,-0.00903553968744597,867,3.3159775373203337
2023-04-24,106878.26380000163,106878.26380000163,0.0,0.0,1037,4.0
2023-04-25,106878.26380000163,109711.86580000175,2833.602000000108,0.026512425438558473,1041,4.0
2023-04-26,109711.86580000175,108947.29780000182,-764.5679999999226,-0.006968872459007236,861,3.1942524507360535
2023-04-27,108947.29780000182,111575.81980000185,2628.5220000000318,0.024126546073912625,846,3.1626340777817736
2023-04-28,111575.81980000185,112033.52380000193,457.7040000000794,0.004102179135412332,652,2.4046610436716898
2023-05-01,112033.52380000193,112033.52380000193,0.0,0.0,628,2.3290919979251075
2023-05-02,112033.52380000193,114440.64780000199,2407.1240000000616,0.021485747465170846,628,2.325150123903765
2023-05-03,114440.64780000199,113960.14680000202,-480.50099999995456,-0.0041986917169474225,609,2.191329306805123
2023-05-04,113960.14680000202,114071.98080000206,111.83400000003539,0.0009813430672065415,654,2.338702002523321
2023-05-05,114071.98080000206,115662.3018000021,1590.321000000036,0.013941381475511383,641,2.29971257404792
2023-05-08,115662.3018000021,115662.3018000021,0.0,0.0,553,1.9778870797680066
2023-05-09,115662.3018000021,115662.3018000021,0.0,0.0,556,1.9781542758178199
2023-05-10,115662.3018000021,115662.3018000021,0.0,0.0,549,1.965984178494742
2023-05-11,115662.3018000021,115342.11480000212,-320.18699999997006,-0.0027682917858027345,553,1.9722148575472813
2023-05-12,115342.11480000212,114618.53280000217,-723.5819999999542,-0.006273354717438728,549,1.9704135656515536
2023-05-15,114618.53280000217,114618.53280000217,0.0,0.0,547,1.9701321445206013
2023-05-16,114618.53280000217,114618.53280000217,0.0,0.0,610,2.193195764922674
2023-05-17,114618.53280000217,115081.13280000217,462.600000000012,0.004035996524289764,600,2.1618496505213773
2023-05-18,115081.13280000217,116054.48280000227,973.3500000000884,0.008457945940553602,675,2.4352989676277734
2023-05-19,116054.48280000227,116054.48280000227,0.0,0.0,665,2.409035888622722
2023-05-22,116054.48280000227,116054.48280000227,0.0,0.0,667,2.4065391018556883
2023-05-23,116054.48280000227,116238.21480000234,183.73200000006958,0.0015831529775260922,732,2.633780231017935
2023-05-24,116238.21480000234,114436.18080000248,-1802.033999999875,-0.015502939399924753,702,2.4935581343835356
2023-05-25,114436.18080000248,114436.18080000248,0.0,0.0,685,2.4855017613060166
2023-05-26,114436.18080000248,116860.51680000253,2424.3360000000534,0.021185048146940666,816,2.9619692801988258
2023-05-30,116860.51680000253,116860.51680000253,0.0,0.0,734,2.6532200570391264
2023-05-31,116860.51680000253,116724.83480000256,-135.68199999997623,-0.0011610593869970653,758,2.7154543903687545
2023-06-01,116724.83480000256,118513.9538000026,1789.11900000004,0.015327663586464091,739,2.648511764884212
2023-06-02,118513.9538000026,119271.87980000266,757.926000000066,0.006395246936736987,711,2.547727437882784
2023-06-06,119271.87980000266,119271.87980000266,0.0,0.0,658,2.3551595573881614
2023-06-07,119271.87980000266,118668.50780000267,-603.3719999999824,-0.005058795090776891,653,2.348587303177961
2023-06-08,118668.50780000267,118120.30080000275,-548.2069999999185,-0.004619650235459627,671,2.4152426550043455
2023-06-09,118120.30080000275,118232.1958000028,111.89500000004394,0.000947296944235676,695,2.529895647731872
2023-06-12,118232.1958000028,118621.17480000283,388.97900000004216,0.0032899583515983988,719,2.6241543306474346
2023-06-13,118621.17480000283,118621.17480000283,0.0,0.0,699,2.567464816107148
2023-06-14,118621.17480000283,117032.1951000029,-1588.9796999999362,-0.013395413615477914,693,2.5531618898734725
2023-06-15,117032.1951000029,120117.38210000293,3085.187000000034,0.02636186561624143,797,2.973996168716454
2023-06-16,120117.38210000293,119305.00310000307,-812.3789999998494,-0.006763209335710618,867,3.198773477549186
2023-06-20,119305.00310000307,118829.98310000314,-475.0199999999365,-0.003981559764109521,780,2.861630545702779
2023-06-21,118829.98310000314,118728.33110000317,-101.65199999996632,-0.0008554406669772918,788,2.8950795889122807
2023-06-22,118728.33110000317,118728.33110000317,0.0,0.0,757,2.7679768790334394
2023-06-23,118728.33110000317,118728.33110000317,0.0,0.0,801,2.9220429633128666
2023-06-26,118728.33110000317,118506.37910000322,-221.95199999994273,-0.0018694105942834716,768,2.7990546265563725
2023-06-27,118506.37910000322,120507.98710000326,2001.608000000039,0.016890297511418684,868,3.1667853931473506
2023-06-28,120507.98710000326,120507.98710000326,0.0,0.0,804,2.9036687948067526
2023-06-29,120507.98710000326,120224.81490000339,-283.17219999987174,-0.0023498210103275463,817,2.958805148190404
2023-06-30,120224.81490000339,120714.84290000347,490.02800000008074,0.004075930583945286,814,2.9912871973329467
2023-07-05,120714.84290000347,120714.84290000347,0.0,0.0,754,2.762960218710364
2023-07-06,120714.84290000347,121018.23890000349,303.39600000002287,0.0025133280441025363,786,2.8616131008250374
2023-07-07,121018.23890000349,120204.72990000353,-813.5089999999657,-0.0067222016069177215,761,2.7605746638189625
2023-07-10,120204.72990000353,120204.72990000353,0.0,0.0,752,2.7439430506384452
2023-07-11,120204.72990000353,120204.72990000353,0.0,0.0,845,3.0985855537855658
2023-07-12,120204.72990000353,120204.72990000353,0.0,0.0,842,3.1303152712719697
2023-07-13,120204.72990000353,120408.66390000356,203.93400000003544,0.0016965555362895568,829,3.0920572189850675
2023-07-14,120408.66390000356,120408.66390000356,0.0,0.0,838,3.137482470347855
2023-07-17,120408.66390000356,120203.84390000367,-204.81999999989623,-0.0017010403850173939,836,3.1210446249708235
2023-07-18,120203.84390000367,121978.84790000372,1775.00400000005,0.014766615961771201,924,3.4660278998227048
2023-07-19,121978.84790000372,121765.97990000379,-212.86799999993414,-0.0017451222377049547,972,3.627569478398565
2023-07-20,121765.97990000379,121688.42790000384,-77.55199999994805,-0.0006368938193052065,1048,3.9106881770978634
2023-07-21,121688.42790000384,121688.42790000384,0.0,0.0,941,3.5134697248569102
2023-07-24,121688.42790000384,121540.06590000399,-148.361999999845,-0.001219195633965775,939,3.5005656311920554
2023-07-25,121540.06590000399,121556.97790000407,16.91200000008604,0.00013914753028032578,1057,3.9513501213538347
2023-07-26,121556.97790000407,121556.97790000407,0.0,0.0,1064,3.979243493467816
2023-07-27,121556.97790000407,123088.2919000041,1531.3140000000333,0.012597499760645059,1059,4.0
2023-07-28,123088.2919000041,122387.3719000041,-700.9199999999955,-0.005694448994136847,1080,4.0
2023-07-31,122387.3719000041,122387.3719000041,0.0,0.0,1045,3.9069457002497097
2023-08-01,122387.3719000041,122387.3719000041,0.0,0.0,1070,3.9901038796985047
2023-08-02,122387.3719000041,124354.0519000042,1966.6800000000953,0.01606930494109271,1080,4.0
2023-08-03,124354.0519000042,124354.0519000042,0.0,0.0,909,3.2760086242634783
2023-08-04,124354.0519000042,123593.34790000426,-760.7039999999353,-0.006117243373876091,896,3.2487150503933235
2023-08-07,123593.34790000426,122582.71190000429,-1010.6359999999745,-0.008177106755111518,892,3.239209790014804
2023-08-08,122582.71190000429,122380.93390000434,-201.77799999994568,-0.0016460559313171697,866,3.1665073089217284
2023-08-09,122380.93390000434,121497.88190000437,-883.0519999999598,-0.0072156010896394784,859,3.152241068902282
2023-08-10,121497.88190000437,120058.85390000441,-1439.0279999999655,-0.011844058328393858,852,3.1454123122467417
2023-08-11,120058.85390000441,120058.85390000441,0.0,0.0,849,3.1426678692290992
2023-08-14,120058.85390000441,119208.45190000445,-850.4019999999531,-0.0070832093791953765,874,3.240493441136258
2023-08-15,119208.45190000445,120978.30790000457,1769.856000000123,0.014846732524340878,838,3.140543830174179
2023-08-16,120978.30790000457,121374.0979000046,395.7900000000302,0.0032715782429952878,790,2.8895018017314933
2023-08-17,121374.0979000046,122096.82190000465,722.7240000000462,0.00595451593465568,789,2.870426802248155
2023-08-18,122096.82190000465,122096.82190000465,0.0,0.0,907,3.2207928458741892
2023-08-21,122096.82190000465,120204.93190000465,-1891.8900000000024,-0.015494997908704233,910,3.2643236179103465
2023-08-22,120204.93190000465,120204.93190000465,0.0,0.0,815,2.9917011208416375
2023-08-23,120204.93190000465,122619.74390000472,2414.8120000000654,0.020089125810652142,932,3.407121935190375
2023-08-24,122619.74390000472,126018.50390000474,3398.7600000000252,0.02771788532499042,810,2.938277281441246
2023-08-25,126018.50390000474,126018.50390000474,0.0,0.0,758,2.6410296592536833
2023-08-28,126018.50390000474,126018.50390000474,0.0,0.0,770,2.703314404695658
2023-08-29,126018.50390000474,129977.32790000476,3958.8240000000233,0.03141462465814815,744,2.6149120229215486
2023-08-30,129977.32790000476,128641.2899000048,-1336.03799999996,-0.010279008051525818,682,2.3598126818902467
2023-08-31,128641.2899000048,128641.2899000048,0.0,0.0,668,2.345356138751695
2023-09-01,128641.2899000048,128641.2899000048,0.0,0.0,664,2.341465439228335
2023-09-05,128641.2899000048,128432.40590000483,-208.8839999999757,-0.0016237710315432086,676,2.370104775372758
2023-09-06,128432.40590000483,128542.48490000489,110.07900000005272,0.0008570967679741859,729,2.547507024030145
2023-09-07,128542.48490000489,128542.48490000489,0.0,0.0,744,2.564939688455594
2023-09-08,128542.48490000489,127803.09590000493,-739.3889999999548,-0.0057520982309866575,771,2.6704577771664124
2023-09-11,127803.09590000493,127803.09590000493,0.0,0.0,761,2.6722756054056966
2023-09-12,127803.09590000493,127803.09590000493,0.0,0.0,763,2.670995071331276
2023-09-13,127803.09590000493,127803.09590000493,0.0,0.0,749,2.6154201979314515
2023-09-14,127803.09590000493,127803.09590000493,0.0,0.0,800,2.812728340049988
2023-09-15,127803.09590000493,130331.23190000496,2528.136000000025,0.01978149263283946,936,3.277401162718409
2023-09-18,130331.23190000496,130331.23190000496,0.0,0.0,776,2.6382779970614747
2023-09-19,130331.23190000496,130737.47690000499,406.24500000002314,0.0031170195668197564,795,2.702223321763128
2023-09-20,130737.47690000499,132929.96390000504,2192.487000000056,0.016770149248612087,957,3.2505450676801644
2023-09-21,132929.96390000504,134320.53090000505,1390.5670000000123,0.01046089955343743,961,3.151469020313431
2023-09-22,134320.53090000505,133513.6629000051,-806.8679999999471,-0.006007034029672176,837,2.6977608359284413
2023-09-25,133513.6629000051,132821.96790000517,-691.6949999999207,-0.005180705741838265,855,2.7501156664842816
2023-09-26,132821.96790000517,133472.22790000527,650.2600000001107,0.004895726288964841,820,2.6520701413858214
2023-09-27,133472.22790000527,132174.6239000053,-1297.6039999999657,-0.009721902604128974,766,2.4540824544323376
2023-09-28,132174.6239000053,132796.0559000053,621.4320000000096,0.004701598398117124,756,2.435682995854344
2023-09-29,132796.0559000053,131310.53090000537,-1485.5249999999394,-0.01118651446334018,725,2.359095905223658
2023-10-02,131310.53090000537,130676.34590000541,-634.1849999999586,-0.00482965833473703,765,2.4885133669102055
2023-10-03,130676.34590000541,131318.02890000542,641.6830000000101,0.004910475538480563,763,2.48241641585761
2023-10-04,131318.02890000542,131231.4489000055,-86.57999999991858,-0.0006593154095074771,740,2.3811467863091806
2023-10-05,131231.4489000055,131416.19490000553,184.7460000000321,0.0014077875505345006,751,2.4288496104286015
2023-10-06,131416.19490000553,131935.50790000556,519.3130000000277,0.003951666690662936,823,2.645685712562994
2023-10-09,131935.50790000556,132023.11190000558,87.60400000003095,0.0006639910771133462,724,2.347193994928763
2023-10-10,132023.11190000558,133258.83290000563,1235.7210000000578,0.00935988390378184,690,2.2645402095735414
2023-10-11,133258.83290000563,133258.83290000563,0.0,0.0,702,2.2976600936896405
2023-10-12,133258.83290000563,132622.25390000571,-636.578999999912,-0.004777011670795472,813,2.6663993708881053
2023-10-13,132622.25390000571,131655.58690000576,-966.6669999999464,-0.007288874767041764,793,2.604545988500689
2023-10-16,131655.58690000576,131679.89090000576,24.304000000008557,0.00018460287612764859,784,2.586300100873396
2023-10-17,131679.89090000576,131679.89090000576,0.0,0.0,877,2.8850433031585703
2023-10-18,131679.89090000576,131864.30490000584,184.4140000000652,0.0014004719987208425,874,2.883362064767113
2023-10-19,131864.30490000584,132260.32990000586,396.02500000002254,0.0030032767419532203,775,2.5355915338394714
2023-10-20,132260.32990000586,133898.01790000597,1637.6880000001124,0.012382306933895304,754,2.428496490151899
2023-10-23,133898.01790000597,132781.188900006,-1116.8289999999806,-0.008340892699651548,721,2.260285220379695
2023-10-24,132781.188900006,133044.78190000606,263.59300000005413,0.0019851682469762544,773,2.4627777592076368
2023-10-25,133044.78190000606,134307.94990000612,1263.1680000000558,0.009494306969133337,774,2.4556597263712336
2023-10-26,134307.94990000612,133827.6579000062,-480.2919999999157,-0.0035760504151653993,719,2.229766510414441
2023-10-27,133827.6579000062,133387.32190000624,-440.3359999999558,-0.003290321349933234,754,2.335282438089743
2023-10-30,133387.32190000624,131352.0789000063,-2035.2429999999306,-0.015258144259959305,791,2.455411170156141
2023-10-31,131352.0789000063,131352.0789000063,0.0,0.0,712,2.256804829059502
2023-11-01,131352.0789000063,130721.92690000635,-630.1519999999643,-0.0047974269252309965,694,2.2178712759139723
2023-11-02,130721.92690000635,132314.55490000636,1592.6280000000156,0.012183327141576328,633,2.068685715032928
2023-11-03,132314.55490000636,131828.57290000646,-485.9819999999005,-0.003672929258365931,551,1.8039108379513245
2023-11-06,131828.57290000646,131828.57290000646,0.0,0.0,550,1.8177773355557831
2023-11-07,131828.57290000646,131752.2619000065,-76.31099999997154,-0.0005788654031614326,549,1.8146544657486714
2023-11-08,131752.2619000065,131752.2619000065,0.0,0.0,582,1.9345808757383705
2023-11-09,131752.2619000065,132303.41690000653,551.1550000000383,0.004183267839593663,605,2.0135691645598626
2023-11-10,132303.41690000653,133454.25590000657,1150.8390000000318,0.008698482828072507,639,2.1061506864404325
2023-11-13,133454.25590000657,133454.25590000657,0.0,0.0,604,1.989758660701769
2023-11-14,133454.25590000657,132824.74590000664,-629.5099999999192,-0.004717047019254239,595,1.9925978905087252
2023-11-15,132824.74590000664,132824.74590000664,0.0,0.0,610,2.0690720724257177
2023-11-16,132824.74590000664,132824.74590000664,0.0,0.0,705,2.384906551070372
2023-11-17,132824.74590000664,132824.74590000664,0.0,0.0,742,2.5161154298683464
2023-11-20,132824.74590000664,134361.84990000667,1537.1040000000266,0.011572421912684705,744,2.526102794084244
2023-11-21,134361.84990000667,134361.84990000667,0.0,0.0,747,2.5215789694433224
2023-11-22,134361.84990000667,134361.84990000667,0.0,0.0,730,2.4749907026654925
2023-11-27,134361.84990000667,134361.84990000667,0.0,0.0,844,2.8562489992044084
2023-11-28,134361.84990000667,133793.19990000673,-568.6499999999328,-0.00423222812445001,850,2.874234860750642
2023-11-29,133793.19990000673,132411.3379000068,-1381.861999999949,-0.010328342554275505,838,2.8638123892361196
2023-11-30,132411.3379000068,131958.9619000068,-452.37599999997786,-0.0034164445973773327,824,2.835635222539059
2023-12-01,131958.9619000068,133247.7799000069,1288.8180000000764,0.009766809176452229,823,2.845309713645677
2023-12-04,133247.7799000069,133009.62730000692,-238.15259999996118,-0.001787291316813655,922,3.1532677630680084
2023-12-05,133009.62730000692,133009.62730000692,0.0,0.0,997,3.4134637956131733
2023-12-06,133009.62730000692,133279.001300007,269.37400000007636,0.0020252218239247277,994,3.4312201517177945
2023-12-07,133279.001300007,132011.5593000071,-1267.4419999999034,-0.009509690105997448,1166,4.0
2023-12-08,132011.5593000071,131439.75230000718,-571.8069999999144,-0.004331491901405693,1154,4.0
2023-12-11,131439.75230000718,131515.19030000723,75.43800000004106,0.0005739359568166513,1143,4.0
2023-12-12,131515.19030000723,132176.9493000073,661.7590000000902,0.005031806580597209,1139,4.0
2023-12-13,132176.9493000073,135569.32730000737,3392.3780000000643,0.025665428185214445,1138,4.0
2023-12-14,135569.32730000737,135569.32730000737,0.0,0.0,1147,4.0
2023-12-15,135569.32730000737,135569.32730000737,0.0,0.0,1155,4.0
2023-12-18,135569.32730000737,135548.54130000743,-20.785999999938312,-0.00015332376735877062,1094,3.803635231089908
2023-12-19,135548.54130000743,136177.10130000755,628.5600000001267,0.0046371579802466645,1080,3.7658168968540027
2023-12-20,136177.10130000755,138904.04730000757,2726.9460000000317,0.020024996669538275,1086,3.7799635232248248
2023-12-21,138904.04730000757,138904.04730000757,0.0,0.0,834,2.8326595095882663
2023-12-22,138904.04730000757,138284.8473000076,-619.1999999999967,-0.004457753478288695,800,2.731000802166634
2023-12-26,138284.8473000076,137754.66930000766,-530.1779999999252,-0.003833955855262361,831,2.8496397109065175
2023-12-27,137754.66930000766,137754.66930000766,0.0,0.0,830,2.865074262768389
2023-12-28,137754.66930000766,137754.66930000766,0.0,0.0,863,2.9881137977853087
2023-12-29,137754.66930000766,138096.4033000077,341.73400000002147,0.002480743496656279,874,3.02329141389546
2024-01-02,138096.4033000077,138096.4033000077,0.0,0.0,864,2.9552632025752024
2024-01-03,138096.4033000077,138023.4513000078,-72.95199999991593,-0.0005282686460806874,829,2.8240903843341716
2024-01-04,138023.4513000078,137897.21370000782,-126.23759999997621,-0.0009146097913866891,788,2.673905681728904
2024-01-05,137897.21370000782,137512.01370000793,-385.19999999988613,-0.0027933849398719124,900,3.0518189643131324
2024-01-08,137512.01370000793,141870.19770000796,4358.1840000000275,0.03169311453403423,904,3.0816581143526003
2024-01-09,141870.19770000796,141870.19770000796,0.0,0.0,812,2.704064803781754
2024-01-10,141870.19770000796,142045.0707000081,174.87300000012397,0.0012326267449764838,821,2.746124596578169
2024-01-11,142045.0707000081,142225.84870000815,180.77800000005357,0.0012726805591292134,818,2.7521955470237622
2024-01-12,142225.84870000815,142225.84870000815,0.0,0.0,1004,3.3742983263724433
2024-01-16,142225.84870000815,139196.3937000083,-3029.4549999998394,-0.02130031233907248,1115,3.7286709474993
2024-01-17,139196.3937000083,139196.3937000083,0.0,0.0,1080,3.6628967014570053
2024-01-18,139196.3937000083,140076.42270000832,880.0290000000236,0.006322211205389561,1059,3.608536220829252
2024-01-19,140076.42270000832,143007.3997000084,2930.977000000066,0.02092412801172916,967,3.3002982158000576
2024-01-22,143007.3997000084,142453.88800000842,-553.5116999999694,-0.0038705109047579844,853,2.889106936806901
2024-01-23,142453.88800000842,142453.88800000842,0.0,0.0,859,2.92049808500223
2024-01-24,142453.88800000842,142453.88800000842,0.0,0.0,891,3.054050577624491
2024-01-25,142453.88800000842,142453.88800000842,0.0,0.0,991,3.393166941882802
2024-01-26,142453.88800000842,142453.88800000842,0.0,0.0,1023,3.5026056942867614
2024-01-29,142453.88800000842,142766.44300000847,312.55500000004065,0.002194078409429201,1005,3.4440961118885913
2024-01-30,142766.44300000847,142766.44300000847,0.0,0.0,1147,3.944357959299649
2024-01-31,142766.44300000847,146843.87500000856,4077.432000000078,0.02856015681500068,1161,3.9752128816985195
2024-02-01,146843.87500000856,148053.67700000867,1209.8020000001,0.00823869568955482,866,2.8607484929689666
2024-02-02,148053.67700000867,151068.67400000867,3014.9970000000176,0.020364215608098757,787,2.604408583682157
2024-02-05,151068.67400000867,150494.9400000087,-573.7339999999707,-0.0037978356783613387,766,2.5052284329806436
2024-02-06,150494.9400000087,150494.9400000087,0.0,0.0,764,2.5085524485022805
2024-02-07,150494.9400000087,149861.32400000887,-633.6159999998422,-0.004210214642431098,796,2.6280498820633276
2024-02-08,149861.32400000887,149861.32400000887,0.0,0.0,794,2.639342494509644
2024-02-09,149861.32400000887,150683.50900000898,822.1850000001199,0.005486305459306173,845,2.815404320218387
2024-02-12,150683.50900000898,149995.54900000902,-687.9599999999622,-0.004565595827741964,840,2.79500354766431
2024-02-13,149995.54900000902,147361.77300000913,-2633.775999999884,-0.017559027701546936,842,2.7771399024515695
2024-02-14,147361.77300000913,146102.24100000912,-1259.5319999999938,-0.008547209865613747,708,2.3892985142099725
2024-02-15,146102.24100000912,146141.1720000092,38.93100000005683,0.0002664640852434452,683,2.336537167034968
2024-02-16,146141.1720000092,145271.0970000092,-870.0749999999881,-0.005953661025791757,675,2.3188513195703524
2024-02-20,145271.0970000092,144376.02500000928,-895.0719999999377,-0.006161390796132538,674,2.3116514301654765
2024-02-21,144376.02500000928,144376.02500000928,0.0,0.0,660,2.266065728519077
2024-02-22,144376.02500000928,145283.16500000938,907.1400000001088,0.006283176171390181,780,2.7240551707984313
2024-02-23,145283.16500000938,145283.16500000938,0.0,0.0,675,2.3681420419517125
2024-02-26,145283.16500000938,145283.16500000938,0.0,0.0,700,2.449835656206618
2024-02-27,145283.16500000938,145283.16500000938,0.0,0.0,701,2.446988095946279
2024-02-28,145283.16500000938,145283.16500000938,0.0,0.0,703,2.4481111845655046
2024-02-29,145283.16500000938,145283.16500000938,0.0,0.0,715,2.5020732186010357
2024-03-01,145283.16500000938,147038.95700000942,1755.79200000005,0.012085309402503297,712,2.4947625812377208
2024-03-04,147038.95700000942,147038.95700000942,0.0,0.0,696,2.4266773341941597
2024-03-05,147038.95700000942,147912.1550000095,873.1980000000664,0.005938548652790088,698,2.42213854043196
2024-03-06,147912.1550000095,147912.1550000095,0.0,0.0,743,2.568044331935926
2024-03-07,147912.1550000095,148160.67500000968,248.52000000017904,0.0016801864593223304,760,2.6386098002419898
2024-03-08,148160.67500000968,145377.02600000973,-2783.648999999937,-0.01878804210361329,737,2.565599172006226
2024-03-11,145377.02600000973,144531.8390000098,-845.1869999999428,-0.005813759046081279,723,2.5390944552673393
2024-03-12,144531.8390000098,144923.3910000098,391.5520000000361,0.0027091055002765874,736,2.616117978353006
2024-03-13,144923.3910000098,144678.3930000099,-244.99799999990933,-0.0016905345528375193,702,2.5059594230458453
2024-03-14,144678.3930000099,142531.80300001014,-2146.589999999777,-0.014836977073692137,915,3.270916218909999
2024-03-15,142531.80300001014,141746.22700001023,-785.5759999999182,-0.005511583965578937,904,3.239539278622823
2024-03-18,141746.22700001023,141706.2920000103,-39.934999999931804,-0.00028173589410562805,815,2.956139954566274
2024-03-19,141706.2920000103,141579.25100001035,-127.04099999994405,-0.0008965092389823237,799,2.887873595873865
2024-03-20,141579.25100001035,143733.28400001038,2154.03300000003,0.015214326850760518,783,2.855020063805346
2024-03-21,143733.28400001038,143733.28400001038,0.0,0.0,754,2.7456144250592427
2024-03-22,143733.28400001038,143215.97000001033,-517.3140000000382,-0.0035991246119444487,791,2.8758161435484437
2024-03-25,143215.97000001033,143215.97000001033,0.0,0.0,790,2.8702424061395737
2024-03-26,143215.97000001033,143215.97000001033,0.0,0.0,870,3.168110272184705
2024-03-27,143215.97000001033,143215.97000001033,0.0,0.0,869,3.1676954753124495
2024-03-28,143215.97000001033,143215.97000001033,0.0,0.0,884,3.2315604420890454
2024-04-01,143215.97000001033,143403.70400001042,187.73400000007814,0.0013108454315540197,934,3.417850418195933
2024-04-02,143403.70400001042,143076.23600001048,-327.4679999999495,-0.0022835393428882744,941,3.4013738846540176
2024-04-03,143076.23600001048,142611.9260000106,-464.30999999987665,-0.0032451930032590948,990,3.583634891916069
2024-04-04,142611.9260000106,147473.7060000107,4861.780000000073,0.03409097777698977,980,3.599419727068397
2024-04-05,147473.7060000107,149653.12800001074,2179.422000000058,0.01477837683145955,882,3.0798308283553535
2024-04-08,149653.12800001074,149653.12800001074,0.0,0.0,898,3.116692707223988
2024-04-09,149653.12800001074,147902.50200001086,-1750.6259999998656,-0.011697891139300087,918,3.1950700206722105
2024-04-10,147902.50200001086,147902.50200001086,0.0,0.0,943,3.2745763286646996
2024-04-11,147902.50200001086,147764.86200001097,-137.6399999999078,-0.0009306130602164675,930,3.2429856035895352
2024-04-12,147764.86200001097,147536.53200001104,-228.32999999992433,-0.0015452252782526266,885,3.0829282313444244
2024-04-15,147536.53200001104,149135.34400001107,1598.8120000000242,0.010836719409941908,772,2.696562156555315
2024-04-16,149135.34400001107,149135.34400001107,0.0,0.0,740,2.5081068166587226
2024-04-17,149135.34400001107,149062.18300001108,-73.16099999998858,-0.0004905678160368465,739,2.508113933143981
2024-04-18,149062.18300001108,149062.18300001108,0.0,0.0,803,2.7065506392857697
2024-04-19,149062.18300001108,149177.48700001108,115.30400000000478,0.0007735295276065646,812,2.7225128111241457
2024-04-22,149177.48700001108,148488.5690000111,-688.9179999999803,-0.004618109701767015,802,2.6766368366420505
2024-04-23,148488.5690000111,150335.49300001113,1846.924000000036,0.012438156098062203,724,2.447144177014634
2024-04-24,150335.49300001113,150099.98900001118,-235.50399999994661,-0.00156652295010562,656,2.2126402329521255
2024-04-25,150099.98900001118,149101.01300001118,-998.9759999999843,-0.006655403552360828,704,2.3419879252271096
2024-04-26,149101.01300001118,148588.51100001132,-512.5019999998703,-0.003437280469716364,746,2.5338477511911024
2024-04-29,148588.51100001132,148588.51100001132,0.0,0.0,688,2.3622078791255228
2024-04-30,148588.51100001132,150110.23500001142,1521.7240000000938,0.010241195565920957,683,2.340264549770183
