date,side,entry_time,exit_time,entry_price,exit_price,shares,leverage,gross_pnl,commission,net_pnl,exit_reason
2023-01-03,SHORT,2023-01-03 11:30:00,2023-01-03 13:30:00,380.03900000000004,379.52099999999996,405,1.5589474373137664,209.7900000000348,2.835,206.9550000000348,band_vwap
2023-01-05,SHORT,2023-01-05 10:00:00,2023-01-05 10:30:00,380.129,380.236,439,1.6733421532694732,-46.97299999998722,3.073,-50.045999999987224,band_vwap
2023-01-05,SHORT,2023-01-05 11:00:00,2023-01-05 12:00:00,379.399,379.291,439,1.6733421532694732,47.4120000000018,3.073,44.339000000001796,band_vwap
2023-01-06,LONG,2023-01-06 11:00:00,2023-01-06 13:00:00,385.301,385.449,432,1.6495905450194177,63.93600000001061,3.024,60.91200000001061,band_vwap
2023-01-06,LONG,2023-01-06 13:30:00,2023-01-06 15:59:00,386.1389,388.029,432,1.6495905450194177,816.5232000000078,3.024,813.4992000000078,market_close
2023-01-09,LONG,2023-01-09 10:00:00,2023-01-09 10:30:00,391.621,391.4191,416,1.6078063856797729,-83.99039999998604,2.912,-86.90239999998605,band_vwap
2023-01-09,LONG,2023-01-09 11:00:00,2023-01-09 12:30:00,392.601,392.90900000000005,416,1.6078063856797729,128.12800000002062,2.912,125.21600000002061,band_vwap
2023-01-12,SHORT,2023-01-12 10:00:00,2023-01-12 10:30:00,393.72900000000004,395.921,437,1.716751262758658,-957.9039999999784,3.059,-960.9629999999784,band_vwap
2023-01-18,SHORT,2023-01-18 11:30:00,2023-01-18 15:59:00,395.35900000000004,391.541,493,1.968079845549145,1882.27400000002,3.451,1878.8230000000199,market_close
2023-01-20,LONG,2023-01-20 11:30:00,2023-01-20 12:00:00,392.351,391.769,486,1.8581688876908669,-282.8519999999969,3.402,-286.2539999999969,band_vwap
2023-01-20,LONG,2023-01-20 14:00:00,2023-01-20 15:59:00,393.421,395.829,486,1.8581688876908669,1170.2880000000075,3.402,1166.8860000000075,market_close
2023-01-23,LONG,2023-01-23 10:00:00,2023-01-23 15:00:00,397.871,399.53900000000004,479,1.8469334541194307,798.9720000000302,3.353,795.6190000000303,band_vwap
2023-01-23,LONG,2023-01-23 15:30:00,2023-01-23 15:59:00,399.83099999999996,400.589,479,1.8469334541194307,363.0820000000183,3.353,359.7290000000183,market_close
2023-01-25,SHORT,2023-01-25 10:00:00,2023-01-25 10:30:00,394.40900000000005,394.84099999999995,482,1.8364960434333377,-208.2239999999531,3.374,-211.5979999999531,band_vwap
2023-01-27,LONG,2023-01-27 15:30:00,2023-01-27 15:59:00,407.631,405.67900000000003,504,1.9627288354433983,-983.8079999999704,3.528,-987.3359999999705,market_close
2023-01-31,LONG,2023-01-31 10:30:00,2023-01-31 15:30:00,402.70099999999996,403.7491,529,2.064046249524196,554.4449000000177,3.7030000000000003,550.7419000000177,band_vwap
2023-02-01,LONG,2023-02-01 15:00:00,2023-02-01 15:59:00,409.181,410.78900000000004,502,1.9684600981576879,807.2160000000306,3.5140000000000002,803.7020000000306,market_close
2023-02-02,LONG,2023-02-02 11:00:00,2023-02-02 11:30:00,416.65099999999995,416.53400000000005,500,1.9918304374843656,-58.49999999995248,3.5,-61.99999999995248,band_vwap
2023-02-02,LONG,2023-02-02 14:00:00,2023-02-02 14:30:00,418.061,415.59400000000005,500,1.9918304374843656,-1233.4999999999638,3.5,-1236.9999999999638,band_vwap
2023-02-07,LONG,2023-02-07 13:00:00,2023-02-07 13:30:00,414.33099999999996,409.78900000000004,443,1.7601891680869972,-2012.105999999963,3.101,-2015.206999999963,band_vwap
2023-02-07,LONG,2023-02-07 15:00:00,2023-02-07 15:59:00,413.58099999999996,415.17900000000003,443,1.7601891680869972,707.914000000031,3.101,704.813000000031,market_close
2023-02-08,SHORT,2023-02-08 11:30:00,2023-02-08 12:30:00,410.79900000000004,411.71099999999996,471,1.9165836771756262,-429.55199999996273,3.297,-432.84899999996276,band_vwap
2023-02-09,SHORT,2023-02-09 14:30:00,2023-02-09 15:00:00,408.314,408.45099999999996,453,1.855538312474137,-62.060999999974456,3.1710000000000003,-65.23199999997446,band_vwap
2023-02-09,SHORT,2023-02-09 15:30:00,2023-02-09 15:59:00,406.779,407.131,453,1.855538312474137,-159.45599999998888,3.1710000000000003,-162.62699999998887,market_close
2023-02-13,LONG,2023-02-13 10:00:00,2023-02-13 15:59:00,410.32099999999997,412.819,493,1.9976357843541555,1231.5140000000233,3.451,1228.0630000000233,market_close
2023-02-14,SHORT,2023-02-14 12:00:00,2023-02-14 12:30:00,409.559,410.491,480,1.9318884533549496,-447.3599999999806,3.36,-450.7199999999806,band_vwap
2023-02-17,SHORT,2023-02-17 10:00:00,2023-02-17 10:30:00,404.749,405.89099999999996,461,1.8404125113519954,-526.4619999999719,3.227,-529.6889999999719,band_vwap
2023-02-21,SHORT,2023-02-21 10:30:00,2023-02-21 15:59:00,401.71900000000005,399.131,489,1.9479537167144565,1265.5320000000388,3.423,1262.1090000000388,market_close
2023-02-23,SHORT,2023-02-23 12:00:00,2023-02-23 13:00:00,396.46900000000005,397.5909,491,1.9253850933010035,-550.8528999999635,3.4370000000000003,-554.2898999999635,band_vwap
2023-02-24,SHORT,2023-02-24 10:00:00,2023-02-24 10:30:00,394.47900000000004,394.291,543,2.1070337499775045,102.08400000002445,3.801,98.28300000002444,band_vwap
2023-03-02,LONG,2023-03-02 14:30:00,2023-03-02 15:00:00,396.95099999999996,396.81,627,2.41675074464947,-88.40699999997662,4.389,-92.79599999997662,band_vwap
2023-03-02,LONG,2023-03-02 15:30:00,2023-03-02 15:59:00,397.431,397.78900000000004,627,2.41675074464947,224.4660000000382,4.389,220.0770000000382,market_close
2023-03-03,LONG,2023-03-03 10:00:00,2023-03-03 11:00:00,400.52099999999996,400.749,599,2.3445626084438334,136.57200000003922,4.1930000000000005,132.3790000000392,band_vwap
2023-03-03,LONG,2023-03-03 12:00:00,2023-03-03 15:59:00,401.931,404.139,599,2.3445626084438334,1322.592000000016,4.1930000000000005,1318.399000000016,market_close
2023-03-06,LONG,2023-03-06 10:00:00,2023-03-06 11:30:00,405.77099999999996,406.494,526,2.058612557243747,380.29800000003684,3.682,376.6160000000368,band_vwap
2023-03-06,LONG,2023-03-06 12:30:00,2023-03-06 13:00:00,406.816,405.84900000000005,526,2.058612557243747,-508.64199999996197,3.682,-512.323999999962,band_vwap
2023-03-07,SHORT,2023-03-07 10:30:00,2023-03-07 15:59:00,401.689,398.26099999999997,564,2.2073192902145675,1933.3920000000305,3.948,1929.4440000000304,market_close
2023-03-09,LONG,2023-03-09 10:00:00,2023-03-09 10:30:00,400.77099999999996,400.119,542,2.0576133183139778,-353.38399999996204,3.794,-357.177999999962,band_vwap
2023-03-09,SHORT,2023-03-09 13:30:00,2023-03-09 15:59:00,396.449,391.59099999999995,542,2.0576133183139778,2633.036000000033,3.794,2629.242000000033,market_close
2023-03-10,SHORT,2023-03-10 10:00:00,2023-03-10 11:00:00,389.17900000000003,391.26599999999996,539,1.9605222048573014,-1124.8929999999634,3.773,-1128.6659999999633,band_vwap
2023-03-10,SHORT,2023-03-10 12:30:00,2023-03-10 15:59:00,388.97900000000004,385.921,539,1.9605222048573014,1648.2620000000268,3.773,1644.4890000000269,market_close
2023-03-13,LONG,2023-03-13 11:00:00,2023-03-13 13:00:00,387.721,386.60900000000004,531,1.876927878436179,-590.4719999999821,3.717,-594.1889999999821,band_vwap
2023-03-13,LONG,2023-03-13 14:30:00,2023-03-13 15:00:00,388.40099999999995,388.48900000000003,531,1.876927878436179,46.728000000042016,3.717,43.01100000004202,band_vwap
2023-03-14,LONG,2023-03-14 10:30:00,2023-03-14 12:30:00,392.231,391.73400000000004,574,2.0846987877053134,-285.27799999997546,4.018,-289.29599999997544,band_vwap
2023-03-16,LONG,2023-03-16 11:00:00,2023-03-16 15:59:00,391.59099999999995,396.029,514,1.8559138730325542,2281.1320000000233,3.598,2277.5340000000233,market_close
2023-03-17,SHORT,2023-03-17 10:30:00,2023-03-17 13:30:00,391.20910000000003,390.911,480,1.725611503408289,143.0880000000161,3.36,139.7280000000161,band_vwap
2023-03-17,SHORT,2023-03-17 14:30:00,2023-03-17 15:30:00,389.089,390.751,480,1.725611503408289,-797.7599999999893,3.36,-801.1199999999893,band_vwap
2023-03-20,LONG,2023-03-20 10:30:00,2023-03-20 12:00:00,392.371,392.449,457,1.6396367673679018,35.64600000001434,3.1990000000000003,32.44700000001434,band_vwap
2023-03-23,LONG,2023-03-23 10:30:00,2023-03-23 13:00:00,396.691,396.769,405,1.4710568188082527,31.590000000012708,2.835,28.755000000012707,band_vwap
2023-03-31,LONG,2023-03-31 10:00:00,2023-03-31 10:30:00,405.491,405.65900000000005,497,1.8474907111555154,83.49600000003142,3.479,80.01700000003142,band_vwap
2023-03-31,LONG,2023-03-31 12:00:00,2023-03-31 15:59:00,407.121,409.35900000000004,497,1.8474907111555154,1112.286000000028,3.479,1108.807000000028,market_close
2023-04-03,LONG,2023-04-03 10:00:00,2023-04-03 11:00:00,410.15099999999995,408.999,486,1.8042951414259316,-559.871999999966,3.402,-563.273999999966,band_vwap
2023-04-04,SHORT,2023-04-04 11:30:00,2023-04-04 15:59:00,408.874,408.70099999999996,506,1.9024521867279194,87.53800000002968,3.5420000000000003,83.99600000002968,market_close
2023-04-06,SHORT,2023-04-06 10:00:00,2023-04-06 10:30:00,406.149,406.83099999999996,550,2.0395769516195488,-375.09999999997774,3.85,-378.94999999997776,band_vwap
2023-04-06,LONG,2023-04-06 13:30:00,2023-04-06 14:00:00,408.991,408.86400000000003,550,2.0395769516195488,-69.84999999997399,3.85,-73.69999999997398,band_vwap
2023-04-06,LONG,2023-04-06 14:30:00,2023-04-06 15:00:00,409.296,408.934,550,2.0395769516195488,-199.0999999999815,3.85,-202.9499999999815,band_vwap
2023-04-12,SHORT,2023-04-12 15:30:00,2023-04-12 15:59:00,407.589,408.07099999999997,677,2.5593849816005054,-326.3139999999803,4.739,-331.0529999999803,market_close
2023-04-13,LONG,2023-04-13 10:30:00,2023-04-13 11:00:00,410.741,410.254,890,3.3503186446536564,-433.42999999997005,6.23,-439.65999999997007,band_vwap
2023-04-13,LONG,2023-04-13 11:30:00,2023-04-13 15:59:00,410.791,413.444,890,3.3503186446536564,2361.170000000018,6.23,2354.940000000018,market_close
2023-04-14,LONG,2023-04-14 10:00:00,2023-04-14 10:30:00,414.791,412.34900000000005,815,3.0440616945589514,-1990.2299999999595,5.705,-1995.9349999999595,band_vwap
2023-04-14,SHORT,2023-04-14 11:30:00,2023-04-14 12:00:00,411.579,411.786,815,3.0440616945589514,-168.7049999999948,5.705,-174.40999999999482,band_vwap
2023-04-14,SHORT,2023-04-14 12:30:00,2023-04-14 14:30:00,411.139,411.89099999999996,815,3.0440616945589514,-612.8799999999615,5.705,-618.5849999999615,band_vwap
2023-04-21,SHORT,2023-04-21 10:00:00,2023-04-21 10:30:00,410.944,412.061,867,3.3159775373203337,-968.4389999999669,6.069,-974.5079999999668,band_vwap
2023-04-25,SHORT,2023-04-25 10:30:00,2023-04-25 11:00:00,409.66900000000004,409.84099999999995,1041,4.0,-179.05199999990816,7.287,-186.33899999990817,band_vwap
2023-04-25,SHORT,2023-04-25 12:00:00,2023-04-25 15:59:00,409.029,406.121,1041,4.0,3027.228000000016,7.287,3019.941000000016,market_close
2023-04-26,SHORT,2023-04-26 10:30:00,2023-04-26 11:00:00,405.379,406.251,861,3.1942524507360535,-750.7919999999632,6.027,-756.8189999999632,band_vwap
2023-04-26,SHORT,2023-04-26 15:00:00,2023-04-26 15:59:00,404.369,404.371,861,3.1942524507360535,-1.72199999995928,6.027,-7.74899999995928,market_close
2023-04-27,LONG,2023-04-27 10:30:00,2023-04-27 11:00:00,408.19599999999997,407.709,846,3.1626340777817736,-412.00199999997153,5.922,-417.92399999997156,band_vwap
2023-04-27,LONG,2023-04-27 11:30:00,2023-04-27 15:59:00,408.791,412.399,846,3.1626340777817736,3052.3680000000036,5.922,3046.4460000000036,market_close
2023-04-28,LONG,2023-04-28 10:30:00,2023-04-28 11:00:00,414.69599999999997,413.22900000000004,652,2.4046610436716898,-956.4839999999529,4.564,-961.0479999999528,band_vwap
2023-04-28,LONG,2023-04-28 11:30:00,2023-04-28 15:59:00,413.746,415.92900000000003,652,2.4046610436716898,1423.3160000000323,4.564,1418.7520000000322,market_close
2023-05-02,SHORT,2023-05-02 10:00:00,2023-05-02 13:30:00,413.889,410.251,628,2.325150123903765,2284.664000000021,4.396,2280.268000000021,band_vwap
2023-05-02,SHORT,2023-05-02 14:00:00,2023-05-02 15:00:00,410.829,411.08099999999996,628,2.325150123903765,-158.2559999999703,4.396,-162.6519999999703,band_vwap
2023-05-02,SHORT,2023-05-02 15:30:00,2023-05-02 15:59:00,411.339,410.871,628,2.325150123903765,293.90400000001114,4.396,289.5080000000111,market_close
2023-05-03,LONG,2023-05-03 10:00:00,2023-05-03 10:30:00,412.21099999999996,411.42900000000003,609,2.191329306805123,-476.2379999999546,4.263,-480.50099999995456,band_vwap
2023-05-04,SHORT,2023-05-04 10:00:00,2023-05-04 12:30:00,405.60900000000004,405.431,654,2.338702002523321,116.41200000003539,4.578,111.83400000003539,band_vwap
2023-05-05,LONG,2023-05-05 10:00:00,2023-05-05 15:59:00,410.121,412.60900000000004,641,2.29971257404792,1594.8080000000361,4.487,1590.321000000036,market_close
2023-05-11,SHORT,2023-05-11 10:00:00,2023-05-11 10:30:00,410.319,410.89099999999996,553,1.9722148575472813,-316.3159999999701,3.871,-320.18699999997006,band_vwap
2023-05-12,SHORT,2023-05-12 12:30:00,2023-05-12 13:30:00,410.089,410.311,549,1.9704135656515536,-121.87799999998902,3.843,-125.72099999998902,band_vwap
2023-05-12,SHORT,2023-05-12 14:00:00,2023-05-12 15:30:00,409.319,410.40099999999995,549,1.9704135656515536,-594.0179999999652,3.843,-597.8609999999652,band_vwap
2023-05-17,LONG,2023-05-17 13:00:00,2023-05-17 15:59:00,414.431,415.209,600,2.1618496505213773,466.800000000012,4.2,462.600000000012,market_close
2023-05-18,LONG,2023-05-18 10:30:00,2023-05-18 12:30:00,416.89099999999996,416.15900000000005,675,2.4352989676277734,-494.099999999942,4.7250000000000005,-498.824999999942,band_vwap
2023-05-18,LONG,2023-05-18 15:00:00,2023-05-18 15:59:00,417.041,419.22900000000004,675,2.4352989676277734,1476.9000000000303,4.7250000000000005,1472.1750000000304,market_close
2023-05-23,SHORT,2023-05-23 14:30:00,2023-05-23 15:59:00,414.34900000000005,414.09099999999995,732,2.633780231017935,188.85600000006957,5.124,183.73200000006958,market_close
2023-05-24,SHORT,2023-05-24 10:00:00,2023-05-24 11:30:00,411.129,411.21599999999995,702,2.4935581343835356,-61.073999999952434,4.914,-65.98799999995244,band_vwap
2023-05-24,SHORT,2023-05-24 12:00:00,2023-05-24 14:00:00,410.42900000000003,411.20099999999996,702,2.4935581343835356,-541.943999999954,4.914,-546.857999999954,band_vwap
2023-05-24,SHORT,2023-05-24 14:30:00,2023-05-24 15:30:00,410.29400000000004,411.981,702,2.4935581343835356,-1184.2739999999685,4.914,-1189.1879999999685,band_vwap
2023-05-26,LONG,2023-05-26 10:00:00,2023-05-26 15:59:00,417.001,419.97900000000004,816,2.9619692801988258,2430.0480000000534,5.712,2424.3360000000534,market_close
2023-05-31,SHORT,2023-05-31 10:30:00,2023-05-31 13:00:00,416.879,417.051,758,2.7154543903687545,-130.37599999997622,5.306,-135.68199999997623,band_vwap
2023-06-01,LONG,2023-06-01 11:00:00,2023-06-01 15:59:00,419.381,421.809,739,2.648511764884212,1794.29200000004,5.173,1789.11900000004,market_close
2023-06-02,LONG,2023-06-02 11:00:00,2023-06-02 15:59:00,426.83599999999996,427.90900000000005,711,2.547727437882784,762.903000000066,4.977,757.926000000066,market_close
2023-06-07,LONG,2023-06-07 10:00:00,2023-06-07 10:30:00,429.296,428.379,653,2.348587303177961,-598.8009999999824,4.571,-603.3719999999824,band_vwap
2023-06-08,LONG,2023-06-08 11:30:00,2023-06-08 12:00:00,428.251,427.999,671,2.4152426550043455,-169.09199999996827,4.697,-173.78899999996827,band_vwap
2023-06-08,LONG,2023-06-08 12:30:00,2023-06-08 13:30:00,429.096,428.389,671,2.4152426550043455,-474.3969999999957,4.697,-479.09399999999573,band_vwap
2023-06-08,LONG,2023-06-08 15:00:00,2023-06-08 15:59:00,428.96099999999996,429.124,671,2.4152426550043455,109.37300000004547,4.697,104.67600000004546,market_close
2023-06-09,LONG,2023-06-09 10:00:00,2023-06-09 11:00:00,430.941,431.10900000000004,695,2.529895647731872,116.76000000004393,4.865,111.89500000004394,band_vwap
2023-06-12,LONG,2023-06-12 15:30:00,2023-06-12 15:59:00,433.241,433.78900000000004,719,2.6241543306474346,394.0120000000422,5.033,388.97900000004216,market_close
2023-06-14,LONG,2023-06-14 11:30:00,2023-06-14 12:00:00,438.6509,438.249,693,2.5531618898734725,-278.51669999996886,4.851,-283.36769999996886,band_vwap
2023-06-14,SHORT,2023-06-14 14:30:00,2023-06-14 15:00:00,434.494,436.371,693,2.5531618898734725,-1300.7609999999672,4.851,-1305.6119999999673,band_vwap
2023-06-15,LONG,2023-06-15 10:00:00,2023-06-15 15:59:00,438.721,442.59900000000005,797,2.973996168716454,3090.766000000034,5.579,3085.187000000034,market_close
2023-06-16,SHORT,2023-06-16 10:00:00,2023-06-16 10:30:00,441.29900000000004,442.40099999999995,867,3.198773477549186,-955.4339999999295,6.069,-961.5029999999294,band_vwap
2023-06-16,SHORT,2023-06-16 11:30:00,2023-06-16 12:00:00,440.769,441.251,867,3.198773477549186,-417.89399999997477,6.069,-423.9629999999748,band_vwap
2023-06-16,SHORT,2023-06-16 15:00:00,2023-06-16 15:59:00,440.09900000000005,439.431,867,3.198773477549186,579.1560000000547,6.069,573.0870000000548,market_close
2023-06-20,SHORT,2023-06-20 10:30:00,2023-06-20 11:30:00,435.29900000000004,435.90099999999995,780,2.861630545702779,-469.5599999999365,5.46,-475.0199999999365,band_vwap
2023-06-21,SHORT,2023-06-21 10:00:00,2023-06-21 10:30:00,435.22900000000004,435.351,788,2.8950795889122807,-96.13599999996632,5.516,-101.65199999996632,band_vwap
2023-06-26,LONG,2023-06-26 10:00:00,2023-06-26 10:30:00,434.27099999999996,433.98900000000003,768,2.7990546265563725,-216.57599999994272,5.376,-221.95199999994273,band_vwap
2023-06-27,LONG,2023-06-27 11:30:00,2023-06-27 15:59:00,433.82599999999996,436.139,868,3.1667853931473506,2007.684000000039,6.0760000000000005,2001.608000000039,market_close
2023-06-29,LONG,2023-06-29 11:30:00,2023-06-29 12:00:00,437.63719999999995,437.71900000000005,817,2.958805148190404,66.83060000008226,5.719,61.111600000082255,band_vwap
2023-06-29,LONG,2023-06-29 12:30:00,2023-06-29 13:00:00,438.0834,437.66900000000004,817,2.958805148190404,-338.564799999954,5.719,-344.283799999954,band_vwap
2023-06-30,LONG,2023-06-30 10:00:00,2023-06-30 11:30:00,442.34099999999995,442.67900000000003,814,2.9912871973329467,275.1320000000644,5.698,269.43400000006443,band_vwap
2023-06-30,LONG,2023-06-30 12:30:00,2023-06-30 15:59:00,443.061,443.339,814,2.9912871973329467,226.2920000000163,5.698,220.59400000001628,market_close
2023-07-06,SHORT,2023-07-06 10:00:00,2023-07-06 12:00:00,438.509,438.116,786,2.8616131008250374,308.8980000000229,5.502,303.39600000002287,band_vwap
2023-07-07,LONG,2023-07-07 13:00:00,2023-07-07 15:00:00,442.256,441.194,761,2.7605746638189625,-808.1819999999657,5.327,-813.5089999999657,band_vwap
2023-07-13,LONG,2023-07-13 15:00:00,2023-07-13 15:59:00,449.27599999999995,449.529,829,3.0920572189850675,209.73700000003544,5.803,203.93400000003544,market_close
2023-07-17,LONG,2023-07-17 11:30:00,2023-07-17 12:30:00,450.381,450.23900000000003,836,3.1210446249708235,-118.71199999994906,5.852,-124.56399999994906,band_vwap
2023-07-17,LONG,2023-07-17 13:00:00,2023-07-17 13:30:00,450.599,450.464,836,3.1210446249708235,-112.8599999999924,5.852,-118.7119999999924,band_vwap
2023-07-17,LONG,2023-07-17 14:00:00,2023-07-17 15:59:00,450.801,450.85400000000004,836,3.1210446249708235,44.30800000004524,5.852,38.456000000045236,market_close
2023-07-18,LONG,2023-07-18 11:00:00,2023-07-18 15:59:00,452.26099999999997,454.189,924,3.4660278998227048,1781.47200000005,6.468,1775.00400000005,market_close
2023-07-19,LONG,2023-07-19 10:00:00,2023-07-19 10:30:00,456.01099999999997,455.79900000000004,972,3.627569478398565,-206.06399999993414,6.804,-212.86799999993414,band_vwap
2023-07-20,SHORT,2023-07-20 14:30:00,2023-07-20 15:59:00,452.11400000000003,452.181,1048,3.9106881770978634,-70.21599999994805,7.336,-77.55199999994805,market_close
2023-07-24,LONG,2023-07-24 11:30:00,2023-07-24 13:00:00,454.28099999999995,454.29900000000004,939,3.5005656311920554,16.902000000080704,6.573,10.329000000080704,band_vwap
2023-07-24,LONG,2023-07-24 14:00:00,2023-07-24 14:30:00,454.77099999999996,454.60900000000004,939,3.5005656311920554,-152.1179999999257,6.573,-158.6909999999257,band_vwap
2023-07-25,LONG,2023-07-25 12:00:00,2023-07-25 15:59:00,455.38599999999997,455.40900000000005,1057,3.9513501213538347,24.31100000008604,7.399,16.91200000008604,market_close
2023-07-27,SHORT,2023-07-27 14:30:00,2023-07-27 15:59:00,453.934,452.481,1059,4.0,1538.7270000000333,7.413,1531.3140000000333,market_close
2023-07-28,LONG,2023-07-28 11:00:00,2023-07-28 13:30:00,456.791,456.149,1080,4.0,-693.3599999999956,7.5600000000000005,-700.9199999999955,band_vwap
2023-08-02,SHORT,2023-08-02 10:30:00,2023-08-02 15:59:00,451.96900000000005,450.14099999999996,1080,4.0,1974.2400000000953,7.5600000000000005,1966.6800000000953,market_close
2023-08-04,LONG,2023-08-04 12:30:00,2023-08-04 13:30:00,452.501,451.65900000000005,896,3.2487150503933235,-754.4319999999352,6.272,-760.7039999999353,band_vwap
2023-08-07,LONG,2023-08-07 10:30:00,2023-08-07 11:00:00,449.621,449.089,892,3.239209790014804,-474.5439999999842,6.244,-480.7879999999842,band_vwap
2023-08-07,LONG,2023-08-07 14:00:00,2023-08-07 14:30:00,450.221,449.634,892,3.239209790014804,-523.6039999999903,6.244,-529.8479999999903,band_vwap
2023-08-08,SHORT,2023-08-08 10:00:00,2023-08-08 12:30:00,446.584,446.471,866,3.1665073089217284,97.8579999999996,6.062,91.79599999999961,band_vwap
2023-08-08,SHORT,2023-08-08 13:00:00,2023-08-08 13:30:00,446.59900000000005,446.931,866,3.1665073089217284,-287.51199999994526,6.062,-293.5739999999453,band_vwap
2023-08-09,SHORT,2023-08-09 11:00:00,2023-08-09 13:30:00,447.394,447.416,859,3.152241068902282,-18.897999999992578,6.013,-24.910999999992576,band_vwap
2023-08-09,SHORT,2023-08-09 14:00:00,2023-08-09 14:30:00,447.524,448.51599999999996,859,3.152241068902282,-852.1279999999672,6.013,-858.1409999999672,band_vwap
2023-08-10,LONG,2023-08-10 10:00:00,2023-08-10 11:00:00,451.221,449.53900000000004,852,3.1454123122467417,-1433.0639999999655,5.964,-1439.0279999999655,band_vwap
2023-08-14,LONG,2023-08-14 11:00:00,2023-08-14 12:30:00,447.231,446.689,874,3.240493441136258,-473.70799999997655,6.118,-479.82599999997655,band_vwap
2023-08-14,LONG,2023-08-14 13:00:00,2023-08-14 14:30:00,447.236,446.819,874,3.240493441136258,-364.45799999997655,6.118,-370.57599999997655,band_vwap
2023-08-15,SHORT,2023-08-15 10:00:00,2023-08-15 11:30:00,445.23900000000003,444.84099999999995,838,3.140543830174179,333.5240000000682,5.8660000000000005,327.6580000000682,band_vwap
2023-08-15,SHORT,2023-08-15 12:30:00,2023-08-15 15:59:00,444.66900000000004,442.941,838,3.140543830174179,1448.0640000000549,5.8660000000000005,1442.198000000055,market_close
2023-08-16,SHORT,2023-08-16 15:30:00,2023-08-16 15:59:00,440.139,439.631,790,2.8895018017314933,401.3200000000302,5.53,395.7900000000302,market_close
2023-08-17,SHORT,2023-08-17 15:00:00,2023-08-17 15:59:00,437.184,436.26099999999997,789,2.870426802248155,728.2470000000462,5.523,722.7240000000462,market_close
2023-08-21,LONG,2023-08-21 10:00:00,2023-08-21 10:30:00,438.721,436.649,910,3.2643236179103465,-1885.5200000000025,6.37,-1891.8900000000024,band_vwap
2023-08-23,LONG,2023-08-23 10:00:00,2023-08-23 15:59:00,440.371,442.96900000000005,932,3.407121935190375,2421.3360000000653,6.524,2414.8120000000654,market_close
2023-08-24,SHORT,2023-08-24 11:00:00,2023-08-24 15:59:00,441.124,436.921,810,2.938277281441246,3404.4300000000253,5.67,3398.7600000000252,market_close
2023-08-29,LONG,2023-08-29 10:00:00,2023-08-29 15:59:00,443.811,449.139,744,2.6149120229215486,3964.0320000000233,5.208,3958.8240000000233,market_close
2023-08-30,LONG,2023-08-30 10:00:00,2023-08-30 10:30:00,451.241,449.28900000000004,682,2.3598126818902467,-1331.26399999996,4.774,-1336.03799999996,band_vwap
2023-09-05,SHORT,2023-09-05 10:00:00,2023-09-05 10:30:00,449.589,449.89099999999996,676,2.370104775372758,-204.15199999997571,4.732,-208.8839999999757,band_vwap
2023-09-06,SHORT,2023-09-06 10:30:00,2023-09-06 15:00:00,446.09400000000005,445.936,729,2.547507024030145,115.18200000005271,5.103,110.07900000005272,band_vwap
2023-09-08,LONG,2023-09-08 10:30:00,2023-09-08 11:00:00,446.861,445.90900000000005,771,2.6704577771664124,-733.9919999999547,5.397,-739.3889999999548,band_vwap
2023-09-15,SHORT,2023-09-15 10:30:00,2023-09-15 15:59:00,445.999,443.291,936,3.277401162718409,2534.688000000025,6.5520000000000005,2528.136000000025,market_close
2023-09-19,SHORT,2023-09-19 10:30:00,2023-09-19 13:30:00,441.624,441.106,795,2.702223321763128,411.81000000002314,5.565,406.24500000002314,band_vwap
2023-09-20,SHORT,2023-09-20 15:30:00,2023-09-20 15:59:00,440.879,438.58099999999996,957,3.2505450676801644,2199.186000000056,6.699,2192.487000000056,market_close
2023-09-21,SHORT,2023-09-21 10:00:00,2023-09-21 13:30:00,434.144,434.601,961,3.151469020313431,-439.1769999999939,6.727,-445.90399999999386,band_vwap
2023-09-21,SHORT,2023-09-21 14:30:00,2023-09-21 15:59:00,433.329,431.411,961,3.151469020313431,1843.1980000000062,6.727,1836.4710000000061,market_close
2023-09-22,LONG,2023-09-22 11:30:00,2023-09-22 12:00:00,433.876,432.91900000000004,837,2.6977608359284413,-801.008999999947,5.859,-806.8679999999471,band_vwap
2023-09-25,LONG,2023-09-25 12:30:00,2023-09-25 13:00:00,431.90099999999995,431.09900000000005,855,2.7501156664842816,-685.7099999999207,5.985,-691.6949999999207,band_vwap
2023-09-26,SHORT,2023-09-26 10:30:00,2023-09-26 11:00:00,427.92900000000003,428.01099999999997,820,2.6520701413858214,-67.23999999994817,5.74,-72.97999999994816,band_vwap
2023-09-26,SHORT,2023-09-26 11:30:00,2023-09-26 12:30:00,426.779,427.621,820,2.6520701413858214,-690.4399999999873,5.74,-696.1799999999873,band_vwap
2023-09-26,SHORT,2023-09-26 13:00:00,2023-09-26 15:59:00,427.569,425.83099999999996,820,2.6520701413858214,1425.1600000000462,5.74,1419.4200000000462,market_close
2023-09-27,SHORT,2023-09-27 12:30:00,2023-09-27 15:00:00,424.199,425.88599999999997,766,2.4540824544323376,-1292.2419999999656,5.362,-1297.6039999999657,band_vwap
2023-09-28,LONG,2023-09-28 10:00:00,2023-09-28 10:30:00,426.721,426.379,756,2.435682995854344,-258.5519999999883,5.292,-263.8439999999883,band_vwap
2023-09-28,LONG,2023-09-28 11:00:00,2023-09-28 15:59:00,427.351,428.529,756,2.435682995854344,890.5679999999979,5.292,885.2759999999979,market_close
2023-09-29,SHORT,2023-09-29 14:00:00,2023-09-29 15:00:00,426.16900000000004,428.21099999999996,725,2.359095905223658,-1480.4499999999393,5.075,-1485.5249999999394,band_vwap
2023-10-02,SHORT,2023-10-02 13:00:00,2023-10-02 13:30:00,424.819,425.64099999999996,765,2.4885133669102055,-628.8299999999585,5.355,-634.1849999999586,band_vwap
2023-10-03,SHORT,2023-10-03 10:30:00,2023-10-03 15:59:00,422.519,421.671,763,2.48241641585761,647.0240000000101,5.341,641.6830000000101,market_close
2023-10-04,SHORT,2023-10-04 10:30:00,2023-10-04 11:00:00,420.61400000000003,421.051,740,2.3811467863091806,-323.3799999999667,5.18,-328.5599999999667,band_vwap
2023-10-04,LONG,2023-10-04 12:00:00,2023-10-04 12:30:00,423.931,423.98400000000004,740,2.3811467863091806,39.220000000040045,5.18,34.040000000040045,band_vwap
2023-10-04,LONG,2023-10-04 15:30:00,2023-10-04 15:59:00,424.421,424.709,740,2.3811467863091806,213.12000000000808,5.18,207.94000000000807,market_close
2023-10-05,SHORT,2023-10-05 10:30:00,2023-10-05 12:30:00,423.41900000000004,423.166,751,2.4288496104286015,190.0030000000321,5.257,184.7460000000321,band_vwap
2023-10-06,LONG,2023-10-06 12:00:00,2023-10-06 15:59:00,428.881,429.519,823,2.645685712562994,525.0740000000277,5.761,519.3130000000277,market_close
2023-10-09,LONG,2023-10-09 14:00:00,2023-10-09 15:30:00,432.121,432.249,724,2.347193994928763,92.67200000003095,5.0680000000000005,87.60400000003095,band_vwap
2023-10-10,LONG,2023-10-10 10:00:00,2023-10-10 14:00:00,433.64099999999996,435.43890000000005,690,2.2645402095735414,1240.5510000000577,4.83,1235.7210000000578,band_vwap
2023-10-12,SHORT,2023-10-12 10:00:00,2023-10-12 10:30:00,435.439,435.921,813,2.6663993708881053,-391.86599999997634,5.691,-397.5569999999763,band_vwap
2023-10-12,SHORT,2023-10-12 13:30:00,2023-10-12 15:59:00,433.41400000000004,433.70099999999996,813,2.6663993708881053,-233.33099999993567,5.691,-239.02199999993567,market_close
2023-10-13,SHORT,2023-10-13 13:30:00,2023-10-13 14:00:00,430.189,431.40099999999995,793,2.604545988500689,-961.1159999999463,5.551,-966.6669999999464,band_vwap
2023-10-16,LONG,2023-10-16 10:30:00,2023-10-16 12:00:00,435.921,435.959,784,2.586300100873396,29.792000000008557,5.488,24.304000000008557,band_vwap
2023-10-18,SHORT,2023-10-18 15:30:00,2023-10-18 15:59:00,430.46900000000005,430.251,874,2.883362064767113,190.53200000006518,6.118,184.4140000000652,market_close
2023-10-19,SHORT,2023-10-19 15:00:00,2023-10-19 15:59:00,426.949,426.431,775,2.5355915338394714,401.45000000002256,5.425,396.02500000002254,market_close
2023-10-20,SHORT,2023-10-20 10:00:00,2023-10-20 13:00:00,425.069,424.27099999999996,754,2.428496490151899,601.6920000000442,5.2780000000000005,596.4140000000442,band_vwap
2023-10-20,SHORT,2023-10-20 14:30:00,2023-10-20 15:59:00,422.59900000000005,421.21099999999996,754,2.428496490151899,1046.5520000000683,5.2780000000000005,1041.2740000000683,market_close
2023-10-23,LONG,2023-10-23 13:00:00,2023-10-23 13:30:00,424.421,422.879,721,2.260285220379695,-1111.7819999999806,5.047,-1116.8289999999806,band_vwap
2023-10-24,LONG,2023-10-24 10:00:00,2023-10-24 11:00:00,423.83099999999996,424.17900000000003,773,2.4627777592076368,269.00400000005413,5.4110000000000005,263.59300000005413,band_vwap
2023-10-25,SHORT,2023-10-25 10:00:00,2023-10-25 11:00:00,420.17900000000003,420.131,774,2.4556597263712336,37.152000000045405,5.418,31.734000000045405,band_vwap
2023-10-25,SHORT,2023-10-25 12:30:00,2023-10-25 15:59:00,419.209,417.611,774,2.4556597263712336,1236.8520000000103,5.418,1231.4340000000104,market_close
2023-10-26,SHORT,2023-10-26 10:00:00,2023-10-26 10:30:00,415.379,415.40099999999995,719,2.229766510414441,-15.817999999952917,5.033,-20.85099999995292,band_vwap
2023-10-26,SHORT,2023-10-26 12:30:00,2023-10-26 14:00:00,412.999,413.631,719,2.229766510414441,-454.4079999999627,5.033,-459.44099999996274,band_vwap
2023-10-27,SHORT,2023-10-27 14:30:00,2023-10-27 15:30:00,409.829,410.40599999999995,754,2.335282438089743,-435.05799999995577,5.2780000000000005,-440.3359999999558,band_vwap
2023-10-30,LONG,2023-10-30 10:00:00,2023-10-30 10:30:00,414.89599999999996,412.98900000000003,791,2.455411170156141,-1508.436999999941,5.537,-1513.973999999941,band_vwap
2023-10-30,LONG,2023-10-30 15:30:00,2023-10-30 15:59:00,416.231,415.579,791,2.455411170156141,-515.7319999999895,5.537,-521.2689999999895,market_close
2023-11-01,LONG,2023-11-01 10:30:00,2023-11-01 11:30:00,421.161,420.389,694,2.2178712759139723,-535.767999999994,4.8580000000000005,-540.625999999994,band_vwap
2023-11-01,LONG,2023-11-01 15:30:00,2023-11-01 15:59:00,422.82099999999997,422.699,694,2.2178712759139723,-84.66799999997033,4.8580000000000005,-89.52599999997034,market_close
2023-11-02,LONG,2023-11-02 10:30:00,2023-11-02 15:59:00,428.226,430.749,633,2.068685715032928,1597.0590000000157,4.431,1592.6280000000156,market_close
2023-11-03,LONG,2023-11-03 10:00:00,2023-11-03 10:30:00,434.671,433.869,551,1.8039108379513245,-441.9019999999802,3.857,-445.75899999998023,band_vwap
2023-11-03,LONG,2023-11-03 12:00:00,2023-11-03 13:30:00,434.981,435.09900000000005,551,1.8039108379513245,65.01800000002856,3.857,61.161000000028565,band_vwap
2023-11-03,LONG,2023-11-03 14:00:00,2023-11-03 15:30:00,435.64599999999996,435.46900000000005,551,1.8039108379513245,-97.52699999994888,3.857,-101.38399999994888,band_vwap
2023-11-07,LONG,2023-11-07 11:00:00,2023-11-07 11:30:00,437.171,437.03900000000004,549,1.8146544657486714,-72.46799999997154,3.843,-76.31099999997154,band_vwap
2023-11-09,SHORT,2023-11-09 14:30:00,2023-11-09 15:59:00,434.78900000000004,433.871,605,2.0135691645598626,555.3900000000383,4.235,551.1550000000383,market_close
2023-11-10,LONG,2023-11-10 13:00:00,2023-11-10 15:59:00,438.791,440.59900000000005,639,2.1061506864404325,1155.3120000000317,4.473,1150.8390000000318,market_close
2023-11-14,LONG,2023-11-14 10:00:00,2023-11-14 12:30:00,447.931,448.11800000000005,595,1.9925978905087252,111.26500000004086,4.165,107.10000000004085,band_vwap
2023-11-14,LONG,2023-11-14 13:00:00,2023-11-14 14:00:00,448.751,448.249,595,1.9925978905087252,-298.68999999997186,4.165,-302.8549999999719,band_vwap
2023-11-14,LONG,2023-11-14 15:00:00,2023-11-14 15:59:00,449.431,448.709,595,1.9925978905087252,-429.5899999999881,4.165,-433.7549999999881,market_close
2023-11-20,LONG,2023-11-20 10:00:00,2023-11-20 15:59:00,452.166,454.23900000000003,744,2.526102794084244,1542.3120000000267,5.208,1537.1040000000266,market_close
2023-11-28,LONG,2023-11-28 11:30:00,2023-11-28 13:00:00,455.57099999999997,454.90900000000005,850,2.874234860750642,-562.6999999999327,5.95,-568.6499999999328,band_vwap
2023-11-29,LONG,2023-11-29 10:00:00,2023-11-29 10:30:00,458.121,456.47900000000004,838,2.8638123892361196,-1375.995999999949,5.8660000000000005,-1381.861999999949,band_vwap
2023-11-30,SHORT,2023-11-30 12:30:00,2023-11-30 13:00:00,453.569,454.111,824,2.835635222539059,-446.6079999999779,5.768,-452.37599999997786,band_vwap
2023-12-01,LONG,2023-12-01 11:30:00,2023-12-01 15:59:00,457.46099999999996,459.03400000000005,823,2.845309713645677,1294.5790000000763,5.761,1288.8180000000764,market_close
2023-12-04,SHORT,2023-12-04 10:30:00,2023-12-04 11:30:00,454.814,455.0653,922,3.1532677630680084,-231.69859999996117,6.454,-238.15259999996118,band_vwap
2023-12-06,SHORT,2023-12-06 15:30:00,2023-12-06 15:59:00,454.98900000000003,454.71099999999996,994,3.4312201517177945,276.3320000000764,6.958,269.37400000007636,market_close
2023-12-07,LONG,2023-12-07 10:30:00,2023-12-07 11:30:00,457.981,457.069,1166,4.0,-1063.391999999974,8.162,-1071.553999999974,band_vwap
2023-12-07,LONG,2023-12-07 12:00:00,2023-12-07 15:00:00,458.101,458.03900000000004,1166,4.0,-72.2919999999475,8.162,-80.45399999994751,band_vwap
2023-12-07,LONG,2023-12-07 15:30:00,2023-12-07 15:59:00,458.301,458.209,1166,4.0,-107.27199999998197,8.162,-115.43399999998198,market_close
2023-12-08,LONG,2023-12-08 10:30:00,2023-12-08 11:30:00,459.861,458.7015,1154,4.0,-1338.062999999977,8.078,-1346.1409999999769,band_vwap
2023-12-08,LONG,2023-12-08 13:30:00,2023-12-08 15:59:00,459.45099999999996,460.129,1154,4.0,782.4120000000624,8.078,774.3340000000625,market_close
2023-12-11,LONG,2023-12-11 13:30:00,2023-12-11 15:00:00,461.471,461.54400000000004,1143,4.0,83.43900000004106,8.001,75.43800000004106,band_vwap
2023-12-12,LONG,2023-12-12 15:00:00,2023-12-12 15:59:00,463.57099999999997,464.15900000000005,1139,4.0,669.7320000000901,7.973,661.7590000000902,market_close
2023-12-13,LONG,2023-12-13 14:30:00,2023-12-13 15:59:00,467.45099999999996,470.439,1138,4.0,3400.344000000064,7.966,3392.3780000000643,market_close
2023-12-18,LONG,2023-12-18 12:30:00,2023-12-18 14:00:00,472.501,472.48900000000003,1094,3.803635231089908,-13.12799999993831,7.658,-20.785999999938312,band_vwap
2023-12-19,LONG,2023-12-19 10:00:00,2023-12-19 12:30:00,473.501,473.84900000000005,1080,3.7658168968540027,375.84000000007563,7.5600000000000005,368.28000000007563,band_vwap
2023-12-19,LONG,2023-12-19 13:00:00,2023-12-19 14:30:00,474.08099999999996,474.329,1080,3.7658168968540027,267.8400000000511,7.5600000000000005,260.2800000000511,band_vwap
2023-12-20,SHORT,2023-12-20 15:00:00,2023-12-20 15:59:00,470.48900000000003,467.971,1086,3.7799635232248248,2734.5480000000316,7.602,2726.9460000000317,market_close
2023-12-22,LONG,2023-12-22 10:00:00,2023-12-22 11:00:00,474.921,474.154,800,2.731000802166634,-613.5999999999967,5.6000000000000005,-619.1999999999967,band_vwap
2023-12-26,LONG,2023-12-26 12:00:00,2023-12-26 12:30:00,475.08099999999996,475.069,831,2.8496397109065175,-9.971999999953141,5.817,-15.788999999953141,band_vwap
2023-12-26,LONG,2023-12-26 15:30:00,2023-12-26 15:59:00,476.20099999999996,475.589,831,2.8496397109065175,-508.57199999997204,5.817,-514.388999999972,market_close
2023-12-29,SHORT,2023-12-29 11:00:00,2023-12-29 14:30:00,475.449,475.051,874,3.02329141389546,347.85200000002146,6.118,341.73400000002147,band_vwap
2024-01-03,SHORT,2024-01-03 10:00:00,2024-01-03 11:30:00,469.949,469.70099999999996,829,2.8240903843341716,205.5920000000392,5.803,199.7890000000392,band_vwap
2024-01-03,SHORT,2024-01-03 12:00:00,2024-01-03 12:30:00,469.259,469.58099999999996,829,2.8240903843341716,-266.93799999995514,5.803,-272.74099999995514,band_vwap
2024-01-04,LONG,2024-01-04 10:30:00,2024-01-04 12:30:00,469.76099999999997,469.6078,788,2.673905681728904,-120.7215999999762,5.516,-126.23759999997621,band_vwap
2024-01-05,LONG,2024-01-05 10:00:00,2024-01-05 11:30:00,468.15099999999995,469.129,900,3.0518189643131324,880.2000000000589,6.3,873.900000000059,band_vwap
2024-01-05,LONG,2024-01-05 12:00:00,2024-01-05 12:30:00,468.77099999999996,467.379,900,3.0518189643131324,-1252.7999999999452,6.3,-1259.099999999945,band_vwap
2024-01-08,LONG,2024-01-08 10:00:00,2024-01-08 15:59:00,469.731,474.559,904,3.0816581143526003,4364.512000000028,6.328,4358.1840000000275,market_close
2024-01-10,LONG,2024-01-10 11:00:00,2024-01-10 11:30:00,475.231,474.78900000000004,821,2.746124596578169,-362.8819999999593,5.747,-368.6289999999593,band_vwap
2024-01-10,LONG,2024-01-10 13:00:00,2024-01-10 13:30:00,475.39099999999996,475.309,821,2.746124596578169,-67.3219999999481,5.747,-73.0689999999481,band_vwap
2024-01-10,LONG,2024-01-10 14:00:00,2024-01-10 15:59:00,475.76099999999997,476.519,821,2.746124596578169,622.3180000000314,5.747,616.5710000000314,market_close
2024-01-11,SHORT,2024-01-11 10:30:00,2024-01-11 13:30:00,474.98900000000003,474.76099999999997,818,2.7521955470237622,186.50400000005357,5.726,180.77800000005357,band_vwap
2024-01-16,SHORT,2024-01-16 10:00:00,2024-01-16 10:30:00,474.48900000000003,475.921,1115,3.7286709474993,-1596.6799999999548,7.805000000000001,-1604.4849999999549,band_vwap
2024-01-16,SHORT,2024-01-16 13:00:00,2024-01-16 13:30:00,473.959,475.01099999999997,1115,3.7286709474993,-1172.97999999996,7.805000000000001,-1180.78499999996,band_vwap
2024-01-16,SHORT,2024-01-16 14:00:00,2024-01-16 15:00:00,474.069,474.28099999999995,1115,3.7286709474993,-236.37999999992445,7.805000000000001,-244.18499999992446,band_vwap
2024-01-18,LONG,2024-01-18 14:30:00,2024-01-18 15:59:00,475.621,476.459,1059,3.608536220829252,887.4420000000237,7.413,880.0290000000236,market_close
2024-01-19,LONG,2024-01-19 12:30:00,2024-01-19 15:59:00,479.381,482.41900000000004,967,3.3002982158000576,2937.7460000000656,6.769,2930.977000000066,market_close
2024-01-22,LONG,2024-01-22 10:00:00,2024-01-22 10:30:00,485.0209,484.379,853,2.889106936806901,-547.5406999999694,5.971,-553.5116999999694,band_vwap
2024-01-29,LONG,2024-01-29 15:30:00,2024-01-29 15:59:00,490.941,491.259,1005,3.4440961118885913,319.5900000000407,7.035,312.55500000004065,market_close
2024-01-31,SHORT,2024-01-31 10:00:00,2024-01-31 14:00:00,487.72900000000004,487.431,1161,3.9752128816985195,345.9780000000681,8.127,337.8510000000681,band_vwap
2024-01-31,SHORT,2024-01-31 14:30:00,2024-01-31 15:59:00,486.149,482.921,1161,3.9752128816985195,3747.70800000001,8.127,3739.58100000001,market_close
2024-02-01,LONG,2024-02-01 10:30:00,2024-02-01 11:00:00,486.181,484.079,866,2.8607484929689666,-1820.3319999999787,6.062,-1826.3939999999786,band_vwap
2024-02-01,LONG,2024-02-01 12:00:00,2024-02-01 15:59:00,485.71599999999995,489.22900000000004,866,2.8607484929689666,3042.2580000000785,6.062,3036.1960000000786,market_close
2024-02-02,LONG,2024-02-02 10:00:00,2024-02-02 15:59:00,490.431,494.269,787,2.604408583682157,3020.5060000000176,5.509,3014.9970000000176,market_close
2024-02-05,SHORT,2024-02-05 10:30:00,2024-02-05 12:00:00,491.399,492.14099999999996,766,2.5052284329806436,-568.3719999999707,5.362,-573.7339999999707,band_vwap
2024-02-07,LONG,2024-02-07 10:30:00,2024-02-07 11:00:00,497.96099999999996,497.249,796,2.6280498820633276,-566.7519999999461,5.572,-572.3239999999461,band_vwap
2024-02-07,LONG,2024-02-07 12:00:00,2024-02-07 12:30:00,497.59099999999995,497.319,796,2.6280498820633276,-216.51199999994788,5.572,-222.08399999994788,band_vwap
2024-02-07,LONG,2024-02-07 13:00:00,2024-02-07 14:30:00,497.561,497.959,796,2.6280498820633276,316.80800000001955,5.572,311.23600000001954,band_vwap
2024-02-07,LONG,2024-02-07 15:00:00,2024-02-07 15:30:00,498.33099999999996,498.149,796,2.6280498820633276,-144.87199999996778,5.572,-150.4439999999678,band_vwap
2024-02-09,LONG,2024-02-09 10:00:00,2024-02-09 10:30:00,499.501,499.65900000000005,845,2.815404320218387,133.5100000000611,5.915,127.59500000006109,band_vwap
2024-02-09,LONG,2024-02-09 11:00:00,2024-02-09 11:30:00,499.971,499.759,845,2.815404320218387,-179.13999999999078,5.915,-185.05499999999077,band_vwap
2024-02-09,LONG,2024-02-09 12:30:00,2024-02-09 15:59:00,500.131,501.17900000000003,845,2.815404320218387,885.5600000000495,5.915,879.6450000000495,market_close
2024-02-12,LONG,2024-02-12 11:30:00,2024-02-12 14:00:00,502.89099999999996,502.079,840,2.79500354766431,-682.0799999999622,5.88,-687.9599999999622,band_vwap
2024-02-13,SHORT,2024-02-13 10:00:00,2024-02-13 10:30:00,493.824,494.89599999999996,842,2.7771399024515695,-902.6239999999544,5.894,-908.5179999999544,band_vwap
2024-02-13,SHORT,2024-02-13 14:30:00,2024-02-13 15:59:00,492.09900000000005,494.14099999999996,842,2.7771399024515695,-1719.3639999999295,5.894,-1725.2579999999296,market_close
2024-02-14,LONG,2024-02-14 10:30:00,2024-02-14 11:00:00,497.721,495.949,708,2.3892985142099725,-1254.5759999999939,4.956,-1259.5319999999938,band_vwap
2024-02-15,LONG,2024-02-15 12:30:00,2024-02-15 13:00:00,500.45099999999996,500.04400000000004,683,2.336537167034968,-277.98099999994906,4.781,-282.76199999994907,band_vwap
2024-02-15,LONG,2024-02-15 13:30:00,2024-02-15 15:59:00,501.471,501.949,683,2.336537167034968,326.4740000000059,4.781,321.6930000000059,market_close
2024-02-16,SHORT,2024-02-16 10:00:00,2024-02-16 11:00:00,499.649,500.931,675,2.3188513195703524,-865.3499999999881,4.7250000000000005,-870.0749999999881,band_vwap
2024-02-20,SHORT,2024-02-20 10:00:00,2024-02-20 11:00:00,496.67900000000003,497.02099999999996,674,2.3116514301654765,-230.50799999995127,4.718,-235.22599999995126,band_vwap
2024-02-20,SHORT,2024-02-20 12:00:00,2024-02-20 15:00:00,495.749,496.721,674,2.3116514301654765,-655.1279999999865,4.718,-659.8459999999865,band_vwap
2024-02-22,LONG,2024-02-22 10:00:00,2024-02-22 11:00:00,505.02099999999996,504.769,780,2.7240551707984313,-196.5599999999631,5.46,-202.01999999996312,band_vwap
2024-02-22,LONG,2024-02-22 11:30:00,2024-02-22 12:00:00,505.39099999999996,505.249,780,2.7240551707984313,-110.75999999995247,5.46,-116.21999999995246,band_vwap
2024-02-22,LONG,2024-02-22 12:30:00,2024-02-22 15:59:00,505.95099999999996,507.529,780,2.7240551707984313,1230.8400000000245,5.46,1225.3800000000244,market_close
2024-03-01,LONG,2024-03-01 10:30:00,2024-03-01 15:59:00,510.366,512.839,712,2.4947625812377208,1760.7760000000499,4.984,1755.79200000005,market_close
2024-03-05,SHORT,2024-03-05 10:30:00,2024-03-05 15:59:00,508.40900000000005,507.15099999999995,698,2.42213854043196,878.0840000000663,4.886,873.1980000000664,market_close
2024-03-07,LONG,2024-03-07 10:30:00,2024-03-07 12:30:00,514.1809999999999,514.4590000000001,760,2.6386098002419898,211.2800000001016,5.32,205.96000000010162,band_vwap
2024-03-07,LONG,2024-03-07 13:00:00,2024-03-07 15:30:00,514.5459999999999,514.609,760,2.6386098002419898,47.880000000077416,5.32,42.560000000077416,band_vwap
2024-03-08,LONG,2024-03-08 10:00:00,2024-03-08 11:30:00,517.761,514.749,737,2.565599172006226,-2219.843999999958,5.159,-2225.0029999999583,band_vwap
2024-03-08,SHORT,2024-03-08 13:00:00,2024-03-08 14:30:00,512.549,513.461,737,2.565599172006226,-672.1440000000255,5.159,-677.3030000000255,band_vwap
2024-03-08,SHORT,2024-03-08 15:30:00,2024-03-08 15:59:00,511.92900000000003,511.76099999999997,737,2.565599172006226,123.81600000004659,5.159,118.65700000004658,market_close
2024-03-11,SHORT,2024-03-11 10:00:00,2024-03-11 11:00:00,509.42900000000003,510.59099999999995,723,2.5390944552673393,-840.1259999999428,5.061,-845.1869999999428,band_vwap
2024-03-12,LONG,2024-03-12 10:30:00,2024-03-12 13:00:00,515.0609999999999,514.409,736,2.616117978353006,-479.87199999994846,5.152,-485.02399999994844,band_vwap
2024-03-12,LONG,2024-03-12 14:00:00,2024-03-12 15:59:00,515.611,516.809,736,2.616117978353006,881.7279999999846,5.152,876.5759999999846,market_close
2024-03-13,SHORT,2024-03-13 10:00:00,2024-03-13 10:30:00,516.0790000000001,516.4209999999999,702,2.5059594230458453,-240.08399999990934,4.914,-244.99799999990933,band_vwap
2024-03-14,SHORT,2024-03-14 10:00:00,2024-03-14 10:30:00,513.989,515.0609999999999,915,3.270916218909999,-980.8799999998985,6.405,-987.2849999998984,band_vwap
2024-03-14,SHORT,2024-03-14 11:00:00,2024-03-14 12:00:00,514.639,514.991,915,3.270916218909999,-322.07999999997753,6.405,-328.4849999999775,band_vwap
2024-03-14,SHORT,2024-03-14 12:30:00,2024-03-14 14:00:00,514.7090000000001,514.5409999999999,915,3.270916218909999,153.72000000010985,6.405,147.31500000010985,band_vwap
2024-03-14,SHORT,2024-03-14 15:00:00,2024-03-14 15:59:00,513.889,514.951,915,3.270916218909999,-971.7300000000108,6.405,-978.1350000000108,market_close
2024-03-15,SHORT,2024-03-15 13:00:00,2024-03-15 13:30:00,508.46900000000005,509.33099999999996,904,3.239539278622823,-779.2479999999182,6.328,-785.5759999999182,band_vwap
2024-03-18,LONG,2024-03-18 10:30:00,2024-03-18 11:00:00,515.1809999999999,515.139,815,2.956139954566274,-34.229999999931806,5.705,-39.934999999931804,band_vwap
2024-03-19,LONG,2024-03-19 13:00:00,2024-03-19 15:30:00,514.6809999999999,514.529,799,2.887873595873865,-121.44799999994405,5.593,-127.04099999994405,band_vwap
2024-03-20,LONG,2024-03-20 14:30:00,2024-03-20 15:59:00,517.661,520.419,783,2.855020063805346,2159.51400000003,5.481,2154.03300000003,market_close
2024-03-22,SHORT,2024-03-22 11:00:00,2024-03-22 11:30:00,521.059,521.706,791,2.8758161435484437,-511.77700000003813,5.537,-517.3140000000382,band_vwap
2024-04-01,SHORT,2024-04-01 11:30:00,2024-04-01 15:00:00,522.0690000000001,521.861,934,3.417850418195933,194.27200000007815,6.538,187.73400000007814,band_vwap
2024-04-02,SHORT,2024-04-02 10:00:00,2024-04-02 11:30:00,517.609,517.626,941,3.4013738846540176,-15.996999999942659,6.587,-22.58399999994266,band_vwap
2024-04-02,SHORT,2024-04-02 12:00:00,2024-04-02 12:30:00,517.124,517.441,941,3.4013738846540176,-298.29700000000685,6.587,-304.88400000000684,band_vwap
2024-04-03,LONG,2024-04-03 10:30:00,2024-04-03 15:00:00,520.411,519.9490000000001,990,3.583634891916069,-457.37999999987665,6.93,-464.30999999987665,band_vwap
2024-04-04,SHORT,2024-04-04 14:30:00,2024-04-04 15:59:00,517.999,513.031,980,3.599419727068397,4868.640000000073,6.86,4861.780000000073,market_close
2024-04-05,LONG,2024-04-05 10:00:00,2024-04-05 15:59:00,515.9209999999999,518.399,882,3.0798308283553535,2185.5960000000578,6.174,2179.422000000058,market_close
2024-04-09,SHORT,2024-04-09 10:30:00,2024-04-09 12:30:00,517.589,517.261,918,3.1950700206722105,301.104000000081,6.426,294.678000000081,band_vwap
2024-04-09,SHORT,2024-04-09 13:00:00,2024-04-09 13:30:00,516.799,517.1709999999999,918,3.1950700206722105,-341.49599999996076,6.426,-347.92199999996075,band_vwap
2024-04-09,SHORT,2024-04-09 14:00:00,2024-04-09 15:30:00,516.669,518.511,918,3.1950700206722105,-1690.9559999999858,6.426,-1697.3819999999857,band_vwap
2024-04-11,SHORT,2024-04-11 10:30:00,2024-04-11 11:00:00,512.5690000000001,513.231,930,3.2429856035895352,-615.6599999999264,6.51,-622.1699999999264,band_vwap
2024-04-11,LONG,2024-04-11 13:30:00,2024-04-11 15:59:00,517.521,518.049,930,3.2429856035895352,491.0400000000186,6.51,484.5300000000186,market_close
2024-04-12,SHORT,2024-04-12 11:00:00,2024-04-12 11:30:00,512.309,513.531,885,3.0829282313444244,-1081.4699999999823,6.195,-1087.6649999999822,band_vwap
2024-04-12,SHORT,2024-04-12 12:30:00,2024-04-12 15:59:00,511.79900000000004,510.82099999999997,885,3.0829282313444244,865.530000000058,6.195,859.3350000000579,market_close
2024-04-15,SHORT,2024-04-15 13:30:00,2024-04-15 15:59:00,506.579,504.501,772,2.696562156555315,1604.2160000000242,5.404,1598.8120000000242,market_close
2024-04-17,SHORT,2024-04-17 12:00:00,2024-04-17 13:30:00,501.709,501.801,739,2.508113933143981,-67.98799999998857,5.173,-73.16099999998858,band_vwap
2024-04-19,SHORT,2024-04-19 12:00:00,2024-04-19 14:00:00,497.089,497.291,812,2.7225128111241457,-164.02399999999852,5.684,-169.70799999999852,band_vwap
2024-04-19,SHORT,2024-04-19 14:30:00,2024-04-19 15:59:00,495.459,495.101,812,2.7225128111241457,290.6960000000033,5.684,285.0120000000033,market_close
2024-04-22,LONG,2024-04-22 14:00:00,2024-04-22 15:30:00,501.431,500.579,802,2.6766368366420505,-683.3039999999803,5.614,-688.9179999999803,band_vwap
2024-04-23,LONG,2024-04-23 10:00:00,2024-04-23 15:59:00,503.08099999999996,505.639,724,2.447144177014634,1851.992000000036,5.0680000000000005,1846.924000000036,market_close
2024-04-24,SHORT,2024-04-24 12:00:00,2024-04-24 12:30:00,503.73900000000003,504.09099999999995,656,2.2126402329521255,-230.9119999999466,4.5920000000000005,-235.50399999994661,band_vwap
2024-04-25,SHORT,2024-04-25 10:00:00,2024-04-25 10:30:00,498.199,499.611,704,2.3419879252271096,-994.0479999999843,4.928,-998.9759999999843,band_vwap
2024-04-26,LONG,2024-04-26 10:00:00,2024-04-26 11:30:00,507.84099999999995,508.209,746,2.5338477511911024,274.5280000000387,5.222,269.3060000000387,band_vwap
2024-04-26,LONG,2024-04-26 12:00:00,2024-04-26 14:30:00,508.621,508.96900000000005,746,2.5338477511911024,259.60800000005224,5.222,254.38600000005223,band_vwap
2024-04-26,LONG,2024-04-26 15:30:00,2024-04-26 15:59:00,509.621,508.23900000000003,746,2.5338477511911024,-1030.9719999999613,5.222,-1036.1939999999613,market_close
2024-04-30,SHORT,2024-04-30 12:00:00,2024-04-30 12:30:00,506.60900000000004,506.70099999999996,683,2.340264549770183,-62.835999999950616,4.781,-67.61699999995062,band_vwap
2024-04-30,SHORT,2024-04-30 13:00:00,2024-04-30 14:00:00,505.29900000000004,506.106,683,2.340264549770183,-551.1809999999723,4.781,-555.9619999999722,band_vwap
2024-04-30,SHORT,2024-04-30 14:30:00,2024-04-30 15:59:00,505.189,502.041,683,2.340264549770183,2150.0840000000167,4.781,2145.3030000000167,market_close
